Index,Page ID,URL,Page Title,Page Text,Extraction Task
1,MdQTA4MQPd,https://stripe.com/pricing,Stripe pricing,"Stripe publishes pricing for online card payments, in-person payments, billing, invoicing, fraud prevention, and other payment products. The page is useful for extracting plan names, transaction fees, and product-specific pricing notes.",Extract product names and pricing signals from the page text.
2,IyNaWnjn2G,https://www.shopify.com/pricing,Shopify pricing,"Shopify lists commerce plans for merchants that want to sell online, in person, and across channels. The page is useful for comparing plan names, monthly prices, and included commerce features.","Extract plan names, prices, and commerce features from the page text."
3,TgY9FSnafo,https://www.datadoghq.com/product/,Datadog products,"Datadog groups products around infrastructure monitoring, logs, APM, security, digital experience, software delivery, and cloud cost management. The page is useful for extracting product families and observability use cases.",Extract product families and observability use cases from the page text.
4,jbAJGgoV9t,https://www.atlassian.com/software/jira,Jira project management software,"Atlassian presents Jira as software for planning, tracking, and managing work across software, IT, and business teams. The page is useful for extracting product positioning, target users, and core use cases.","Extract the product name, target users, and main use cases from the page text."
5,xNGdy9GZE2,https://www.twilio.com/en-us/messaging,Twilio messaging,"Twilio presents messaging products for SMS, MMS, WhatsApp, conversational messaging, verification, and customer engagement workflows. The page is useful for extracting communication channels and API use cases.",Extract communication channels and API use cases from the page text.
6,9cyLwW4FAr,https://stripe.com/pricing,Stripe pricing,"Stripe publishes pricing for online card payments, in-person payments, billing, invoicing, fraud prevention, and other payment products. The page is useful for extracting plan names, transaction fees, and product-specific pricing notes.",Extract product names and pricing signals from the page text.
7,Lhi83sbJA0,https://www.hubspot.com/pricing,HubSpot pricing,"HubSpot publishes pricing for its customer platform, including marketing, sales, service, content, operations, and commerce products. The page is useful for extracting product hubs, editions, and pricing structure.","Extract software products, editions, and pricing structure from the page text."
8,uRnq8qvPOy,https://www.cloudflare.com/application-services/,Cloudflare application services,"Cloudflare describes application services for performance, security, DDoS protection, bot management, and traffic acceleration. The page is useful for extracting security capabilities and infrastructure benefits.",Extract security capabilities and infrastructure benefits from the page text.
9,ItRhZFdCyI,https://www.notion.so/product,Notion product,"Notion describes its workspace as a place for docs, wikis, projects, databases, and AI-assisted work. The page is useful for extracting product categories, collaboration features, and workflow examples.",Extract collaboration features and workflow categories from the page text.
10,I8wGP6MVAQ,https://www.shopify.com/pricing,Shopify pricing,"Shopify lists commerce plans for merchants that want to sell online, in person, and across channels. The page is useful for comparing plan names, monthly prices, and included commerce features.","Extract plan names, prices, and commerce features from the page text."
11,TElKP9AOkF,https://www.notion.so/product,Notion product,"Notion describes its workspace as a place for docs, wikis, projects, databases, and AI-assisted work. The page is useful for extracting product categories, collaboration features, and workflow examples.",Extract collaboration features and workflow categories from the page text.
12,6nqW9DVs4w,https://www.datadoghq.com/product/,Datadog products,"Datadog groups products around infrastructure monitoring, logs, APM, security, digital experience, software delivery, and cloud cost management. The page is useful for extracting product families and observability use cases.",Extract product families and observability use cases from the page text.
13,fZM4wKZxb7,https://www.hubspot.com/pricing,HubSpot pricing,"HubSpot publishes pricing for its customer platform, including marketing, sales, service, content, operations, and commerce products. The page is useful for extracting product hubs, editions, and pricing structure.","Extract software products, editions, and pricing structure from the page text."
14,AGcaWJaB4r,https://www.shopify.com/pricing,Shopify pricing,"Shopify lists commerce plans for merchants that want to sell online, in person, and across channels. The page is useful for comparing plan names, monthly prices, and included commerce features.","Extract plan names, prices, and commerce features from the page text."
15,tcGA0Ls7w6,https://stripe.com/pricing,Stripe pricing,"Stripe publishes pricing for online card payments, in-person payments, billing, invoicing, fraud prevention, and other payment products. The page is useful for extracting plan names, transaction fees, and product-specific pricing notes.",Extract product names and pricing signals from the page text.
16,HRgcl4hyGF,https://www.datadoghq.com/product/,Datadog products,"Datadog groups products around infrastructure monitoring, logs, APM, security, digital experience, software delivery, and cloud cost management. The page is useful for extracting product families and observability use cases.",Extract product families and observability use cases from the page text.
17,s0h4V2dQa8,https://www.notion.so/product,Notion product,"Notion describes its workspace as a place for docs, wikis, projects, databases, and AI-assisted work. The page is useful for extracting product categories, collaboration features, and workflow examples.",Extract collaboration features and workflow categories from the page text.
18,GPMkvBC1vx,https://www.atlassian.com/software/jira,Jira project management software,"Atlassian presents Jira as software for planning, tracking, and managing work across software, IT, and business teams. The page is useful for extracting product positioning, target users, and core use cases.","Extract the product name, target users, and main use cases from the page text."
19,cOK7ol9E5v,https://www.atlassian.com/software/jira,Jira project management software,"Atlassian presents Jira as software for planning, tracking, and managing work across software, IT, and business teams. The page is useful for extracting product positioning, target users, and core use cases.","Extract the product name, target users, and main use cases from the page text."
20,CuptJmltQe,https://www.cloudflare.com/application-services/,Cloudflare application services,"Cloudflare describes application services for performance, security, DDoS protection, bot management, and traffic acceleration. The page is useful for extracting security capabilities and infrastructure benefits.",Extract security capabilities and infrastructure benefits from the page text.
21,gDvHJHxuv7,https://stripe.com/pricing,Stripe pricing,"Stripe publishes pricing for online card payments, in-person payments, billing, invoicing, fraud prevention, and other payment products. The page is useful for extracting plan names, transaction fees, and product-specific pricing notes.",Extract product names and pricing signals from the page text.
22,sL5uGto0OL,https://www.atlassian.com/software/jira,Jira project management software,"Atlassian presents Jira as software for planning, tracking, and managing work across software, IT, and business teams. The page is useful for extracting product positioning, target users, and core use cases.","Extract the product name, target users, and main use cases from the page text."
23,LkKUhtQaob,https://www.notion.so/product,Notion product,"Notion describes its workspace as a place for docs, wikis, projects, databases, and AI-assisted work. The page is useful for extracting product categories, collaboration features, and workflow examples.",Extract collaboration features and workflow categories from the page text.
24,8aEP0KTsuK,https://www.cloudflare.com/application-services/,Cloudflare application services,"Cloudflare describes application services for performance, security, DDoS protection, bot management, and traffic acceleration. The page is useful for extracting security capabilities and infrastructure benefits.",Extract security capabilities and infrastructure benefits from the page text.
25,DmMzVUBKGB,https://www.cloudflare.com/application-services/,Cloudflare application services,"Cloudflare describes application services for performance, security, DDoS protection, bot management, and traffic acceleration. The page is useful for extracting security capabilities and infrastructure benefits.",Extract security capabilities and infrastructure benefits from the page text.
26,Lu9QW8odhR,https://www.notion.so/product,Notion product,"Notion describes its workspace as a place for docs, wikis, projects, databases, and AI-assisted work. The page is useful for extracting product categories, collaboration features, and workflow examples.",Extract collaboration features and workflow categories from the page text.
27,suVnDqzYIm,https://www.hubspot.com/pricing,HubSpot pricing,"HubSpot publishes pricing for its customer platform, including marketing, sales, service, content, operations, and commerce products. The page is useful for extracting product hubs, editions, and pricing structure.","Extract software products, editions, and pricing structure from the page text."
28,TVTL3NWwYX,https://www.cloudflare.com/application-services/,Cloudflare application services,"Cloudflare describes application services for performance, security, DDoS protection, bot management, and traffic acceleration. The page is useful for extracting security capabilities and infrastructure benefits.",Extract security capabilities and infrastructure benefits from the page text.
29,iMd4IYkdGB,https://www.hubspot.com/pricing,HubSpot pricing,"HubSpot publishes pricing for its customer platform, including marketing, sales, service, content, operations, and commerce products. The page is useful for extracting product hubs, editions, and pricing structure.","Extract software products, editions, and pricing structure from the page text."
30,0zMiYF7LxR,https://stripe.com/pricing,Stripe pricing,"Stripe publishes pricing for online card payments, in-person payments, billing, invoicing, fraud prevention, and other payment products. The page is useful for extracting plan names, transaction fees, and product-specific pricing notes.",Extract product names and pricing signals from the page text.
31,eH7N8Rt2pb,https://www.datadoghq.com/product/,Datadog products,"Datadog groups products around infrastructure monitoring, logs, APM, security, digital experience, software delivery, and cloud cost management. The page is useful for extracting product families and observability use cases.",Extract product families and observability use cases from the page text.
32,UOZpDX9vkt,https://www.atlassian.com/software/jira,Jira project management software,"Atlassian presents Jira as software for planning, tracking, and managing work across software, IT, and business teams. The page is useful for extracting product positioning, target users, and core use cases.","Extract the product name, target users, and main use cases from the page text."
33,b8Y5EoY4L2,https://stripe.com/pricing,Stripe pricing,"Stripe publishes pricing for online card payments, in-person payments, billing, invoicing, fraud prevention, and other payment products. The page is useful for extracting plan names, transaction fees, and product-specific pricing notes.",Extract product names and pricing signals from the page text.
34,BPU7eOiNkk,https://www.atlassian.com/software/jira,Jira project management software,"Atlassian presents Jira as software for planning, tracking, and managing work across software, IT, and business teams. The page is useful for extracting product positioning, target users, and core use cases.","Extract the product name, target users, and main use cases from the page text."
35,JWuPvejshk,https://www.notion.so/product,Notion product,"Notion describes its workspace as a place for docs, wikis, projects, databases, and AI-assisted work. The page is useful for extracting product categories, collaboration features, and workflow examples.",Extract collaboration features and workflow categories from the page text.
36,CzHhpaoAYv,https://www.shopify.com/pricing,Shopify pricing,"Shopify lists commerce plans for merchants that want to sell online, in person, and across channels. The page is useful for comparing plan names, monthly prices, and included commerce features.","Extract plan names, prices, and commerce features from the page text."
37,ZIHsewZ6dl,https://www.hubspot.com/pricing,HubSpot pricing,"HubSpot publishes pricing for its customer platform, including marketing, sales, service, content, operations, and commerce products. The page is useful for extracting product hubs, editions, and pricing structure.","Extract software products, editions, and pricing structure from the page text."
38,h0TTfVpPnZ,https://www.atlassian.com/software/jira,Jira project management software,"Atlassian presents Jira as software for planning, tracking, and managing work across software, IT, and business teams. The page is useful for extracting product positioning, target users, and core use cases.","Extract the product name, target users, and main use cases from the page text."
39,4rG5EHu6kS,https://www.hubspot.com/pricing,HubSpot pricing,"HubSpot publishes pricing for its customer platform, including marketing, sales, service, content, operations, and commerce products. The page is useful for extracting product hubs, editions, and pricing structure.","Extract software products, editions, and pricing structure from the page text."
40,uL870JqXT8,https://www.atlassian.com/software/jira,Jira project management software,"Atlassian presents Jira as software for planning, tracking, and managing work across software, IT, and business teams. The page is useful for extracting product positioning, target users, and core use cases.","Extract the product name, target users, and main use cases from the page text."
41,PqjouGa4Pa,https://www.shopify.com/pricing,Shopify pricing,"Shopify lists commerce plans for merchants that want to sell online, in person, and across channels. The page is useful for comparing plan names, monthly prices, and included commerce features.","Extract plan names, prices, and commerce features from the page text."
42,MGerRsu06O,https://www.datadoghq.com/product/,Datadog products,"Datadog groups products around infrastructure monitoring, logs, APM, security, digital experience, software delivery, and cloud cost management. The page is useful for extracting product families and observability use cases.",Extract product families and observability use cases from the page text.
43,Qsy6KKyEZu,https://www.shopify.com/pricing,Shopify pricing,"Shopify lists commerce plans for merchants that want to sell online, in person, and across channels. The page is useful for comparing plan names, monthly prices, and included commerce features.","Extract plan names, prices, and commerce features from the page text."
44,rqC9ikOeNN,https://www.atlassian.com/software/jira,Jira project management software,"Atlassian presents Jira as software for planning, tracking, and managing work across software, IT, and business teams. The page is useful for extracting product positioning, target users, and core use cases.","Extract the product name, target users, and main use cases from the page text."
45,weMs10fVcT,https://www.notion.so/product,Notion product,"Notion describes its workspace as a place for docs, wikis, projects, databases, and AI-assisted work. The page is useful for extracting product categories, collaboration features, and workflow examples.",Extract collaboration features and workflow categories from the page text.
46,ltIgzxEn18,https://www.hubspot.com/pricing,HubSpot pricing,"HubSpot publishes pricing for its customer platform, including marketing, sales, service, content, operations, and commerce products. The page is useful for extracting product hubs, editions, and pricing structure.","Extract software products, editions, and pricing structure from the page text."
47,uDEjg5dU7Q,https://www.shopify.com/pricing,Shopify pricing,"Shopify lists commerce plans for merchants that want to sell online, in person, and across channels. The page is useful for comparing plan names, monthly prices, and included commerce features.","Extract plan names, prices, and commerce features from the page text."
48,DgPc535hUH,https://www.shopify.com/pricing,Shopify pricing,"Shopify lists commerce plans for merchants that want to sell online, in person, and across channels. The page is useful for comparing plan names, monthly prices, and included commerce features.","Extract plan names, prices, and commerce features from the page text."
49,JRb0gCWgja,https://www.notion.so/product,Notion product,"Notion describes its workspace as a place for docs, wikis, projects, databases, and AI-assisted work. The page is useful for extracting product categories, collaboration features, and workflow examples.",Extract collaboration features and workflow categories from the page text.
50,yWeCcbPTHT,https://stripe.com/pricing,Stripe pricing,"Stripe publishes pricing for online card payments, in-person payments, billing, invoicing, fraud prevention, and other payment products. The page is useful for extracting plan names, transaction fees, and product-specific pricing notes.",Extract product names and pricing signals from the page text.
51,L1ROfVlKu3,https://www.twilio.com/en-us/messaging,Twilio messaging,"Twilio presents messaging products for SMS, MMS, WhatsApp, conversational messaging, verification, and customer engagement workflows. The page is useful for extracting communication channels and API use cases.",Extract communication channels and API use cases from the page text.
52,HqCUPwWklq,https://www.cloudflare.com/application-services/,Cloudflare application services,"Cloudflare describes application services for performance, security, DDoS protection, bot management, and traffic acceleration. The page is useful for extracting security capabilities and infrastructure benefits.",Extract security capabilities and infrastructure benefits from the page text.
53,FQrHxb8dkc,https://www.datadoghq.com/product/,Datadog products,"Datadog groups products around infrastructure monitoring, logs, APM, security, digital experience, software delivery, and cloud cost management. The page is useful for extracting product families and observability use cases.",Extract product families and observability use cases from the page text.
54,znkrJaF7cl,https://www.datadoghq.com/product/,Datadog products,"Datadog groups products around infrastructure monitoring, logs, APM, security, digital experience, software delivery, and cloud cost management. The page is useful for extracting product families and observability use cases.",Extract product families and observability use cases from the page text.
55,lPsc2cslU2,https://www.datadoghq.com/product/,Datadog products,"Datadog groups products around infrastructure monitoring, logs, APM, security, digital experience, software delivery, and cloud cost management. The page is useful for extracting product families and observability use cases.",Extract product families and observability use cases from the page text.
56,zbj4tWoZVE,https://www.datadoghq.com/product/,Datadog products,"Datadog groups products around infrastructure monitoring, logs, APM, security, digital experience, software delivery, and cloud cost management. The page is useful for extracting product families and observability use cases.",Extract product families and observability use cases from the page text.
57,Hpam7mdTlj,https://stripe.com/pricing,Stripe pricing,"Stripe publishes pricing for online card payments, in-person payments, billing, invoicing, fraud prevention, and other payment products. The page is useful for extracting plan names, transaction fees, and product-specific pricing notes.",Extract product names and pricing signals from the page text.
58,nHbOit8DlX,https://www.cloudflare.com/application-services/,Cloudflare application services,"Cloudflare describes application services for performance, security, DDoS protection, bot management, and traffic acceleration. The page is useful for extracting security capabilities and infrastructure benefits.",Extract security capabilities and infrastructure benefits from the page text.
59,qkmSbTi3lO,https://www.hubspot.com/pricing,HubSpot pricing,"HubSpot publishes pricing for its customer platform, including marketing, sales, service, content, operations, and commerce products. The page is useful for extracting product hubs, editions, and pricing structure.","Extract software products, editions, and pricing structure from the page text."
60,sL0HLhv6aE,https://www.atlassian.com/software/jira,Jira project management software,"Atlassian presents Jira as software for planning, tracking, and managing work across software, IT, and business teams. The page is useful for extracting product positioning, target users, and core use cases.","Extract the product name, target users, and main use cases from the page text."
61,a2DmlgHH2t,https://stripe.com/pricing,Stripe pricing,"Stripe publishes pricing for online card payments, in-person payments, billing, invoicing, fraud prevention, and other payment products. The page is useful for extracting plan names, transaction fees, and product-specific pricing notes.",Extract product names and pricing signals from the page text.
62,aW33eYBdGF,https://www.twilio.com/en-us/messaging,Twilio messaging,"Twilio presents messaging products for SMS, MMS, WhatsApp, conversational messaging, verification, and customer engagement workflows. The page is useful for extracting communication channels and API use cases.",Extract communication channels and API use cases from the page text.
63,M6agLppzPW,https://www.hubspot.com/pricing,HubSpot pricing,"HubSpot publishes pricing for its customer platform, including marketing, sales, service, content, operations, and commerce products. The page is useful for extracting product hubs, editions, and pricing structure.","Extract software products, editions, and pricing structure from the page text."
64,WB3smUW9Xj,https://www.notion.so/product,Notion product,"Notion describes its workspace as a place for docs, wikis, projects, databases, and AI-assisted work. The page is useful for extracting product categories, collaboration features, and workflow examples.",Extract collaboration features and workflow categories from the page text.
65,cgHQjdeAKL,https://www.notion.so/product,Notion product,"Notion describes its workspace as a place for docs, wikis, projects, databases, and AI-assisted work. The page is useful for extracting product categories, collaboration features, and workflow examples.",Extract collaboration features and workflow categories from the page text.
66,1Ha20491TM,https://www.notion.so/product,Notion product,"Notion describes its workspace as a place for docs, wikis, projects, databases, and AI-assisted work. The page is useful for extracting product categories, collaboration features, and workflow examples.",Extract collaboration features and workflow categories from the page text.
67,p4gY35jgN3,https://www.atlassian.com/software/jira,Jira project management software,"Atlassian presents Jira as software for planning, tracking, and managing work across software, IT, and business teams. The page is useful for extracting product positioning, target users, and core use cases.","Extract the product name, target users, and main use cases from the page text."
68,k6hYZejf04,https://stripe.com/pricing,Stripe pricing,"Stripe publishes pricing for online card payments, in-person payments, billing, invoicing, fraud prevention, and other payment products. The page is useful for extracting plan names, transaction fees, and product-specific pricing notes.",Extract product names and pricing signals from the page text.
69,Pl7OSZBBlH,https://www.twilio.com/en-us/messaging,Twilio messaging,"Twilio presents messaging products for SMS, MMS, WhatsApp, conversational messaging, verification, and customer engagement workflows. The page is useful for extracting communication channels and API use cases.",Extract communication channels and API use cases from the page text.
70,jsSeWSZFCS,https://www.datadoghq.com/product/,Datadog products,"Datadog groups products around infrastructure monitoring, logs, APM, security, digital experience, software delivery, and cloud cost management. The page is useful for extracting product families and observability use cases.",Extract product families and observability use cases from the page text.
71,nPlvDJnUC0,https://www.datadoghq.com/product/,Datadog products,"Datadog groups products around infrastructure monitoring, logs, APM, security, digital experience, software delivery, and cloud cost management. The page is useful for extracting product families and observability use cases.",Extract product families and observability use cases from the page text.
72,5dAohvkGkz,https://www.datadoghq.com/product/,Datadog products,"Datadog groups products around infrastructure monitoring, logs, APM, security, digital experience, software delivery, and cloud cost management. The page is useful for extracting product families and observability use cases.",Extract product families and observability use cases from the page text.
73,7G9Nl6Plku,https://www.datadoghq.com/product/,Datadog products,"Datadog groups products around infrastructure monitoring, logs, APM, security, digital experience, software delivery, and cloud cost management. The page is useful for extracting product families and observability use cases.",Extract product families and observability use cases from the page text.
74,nTuDH40c3N,https://stripe.com/pricing,Stripe pricing,"Stripe publishes pricing for online card payments, in-person payments, billing, invoicing, fraud prevention, and other payment products. The page is useful for extracting plan names, transaction fees, and product-specific pricing notes.",Extract product names and pricing signals from the page text.
75,XH0Fk6ID6H,https://www.hubspot.com/pricing,HubSpot pricing,"HubSpot publishes pricing for its customer platform, including marketing, sales, service, content, operations, and commerce products. The page is useful for extracting product hubs, editions, and pricing structure.","Extract software products, editions, and pricing structure from the page text."
76,oa66sC3PzO,https://www.twilio.com/en-us/messaging,Twilio messaging,"Twilio presents messaging products for SMS, MMS, WhatsApp, conversational messaging, verification, and customer engagement workflows. The page is useful for extracting communication channels and API use cases.",Extract communication channels and API use cases from the page text.
77,YkMcHym5C8,https://www.twilio.com/en-us/messaging,Twilio messaging,"Twilio presents messaging products for SMS, MMS, WhatsApp, conversational messaging, verification, and customer engagement workflows. The page is useful for extracting communication channels and API use cases.",Extract communication channels and API use cases from the page text.
78,omhjFhKGaY,https://www.datadoghq.com/product/,Datadog products,"Datadog groups products around infrastructure monitoring, logs, APM, security, digital experience, software delivery, and cloud cost management. The page is useful for extracting product families and observability use cases.",Extract product families and observability use cases from the page text.
79,wi5C1dtG9l,https://www.cloudflare.com/application-services/,Cloudflare application services,"Cloudflare describes application services for performance, security, DDoS protection, bot management, and traffic acceleration. The page is useful for extracting security capabilities and infrastructure benefits.",Extract security capabilities and infrastructure benefits from the page text.
80,rOYlspL2yt,https://www.cloudflare.com/application-services/,Cloudflare application services,"Cloudflare describes application services for performance, security, DDoS protection, bot management, and traffic acceleration. The page is useful for extracting security capabilities and infrastructure benefits.",Extract security capabilities and infrastructure benefits from the page text.
81,ACuiGzvwfr,https://www.cloudflare.com/application-services/,Cloudflare application services,"Cloudflare describes application services for performance, security, DDoS protection, bot management, and traffic acceleration. The page is useful for extracting security capabilities and infrastructure benefits.",Extract security capabilities and infrastructure benefits from the page text.
82,kcMR98AQF8,https://www.twilio.com/en-us/messaging,Twilio messaging,"Twilio presents messaging products for SMS, MMS, WhatsApp, conversational messaging, verification, and customer engagement workflows. The page is useful for extracting communication channels and API use cases.",Extract communication channels and API use cases from the page text.
83,Ufyjqcc3Vf,https://www.cloudflare.com/application-services/,Cloudflare application services,"Cloudflare describes application services for performance, security, DDoS protection, bot management, and traffic acceleration. The page is useful for extracting security capabilities and infrastructure benefits.",Extract security capabilities and infrastructure benefits from the page text.
84,Kza1LWe76B,https://www.hubspot.com/pricing,HubSpot pricing,"HubSpot publishes pricing for its customer platform, including marketing, sales, service, content, operations, and commerce products. The page is useful for extracting product hubs, editions, and pricing structure.","Extract software products, editions, and pricing structure from the page text."
85,2zMuVI9m3y,https://www.notion.so/product,Notion product,"Notion describes its workspace as a place for docs, wikis, projects, databases, and AI-assisted work. The page is useful for extracting product categories, collaboration features, and workflow examples.",Extract collaboration features and workflow categories from the page text.
86,2Z9UR7ikhN,https://www.twilio.com/en-us/messaging,Twilio messaging,"Twilio presents messaging products for SMS, MMS, WhatsApp, conversational messaging, verification, and customer engagement workflows. The page is useful for extracting communication channels and API use cases.",Extract communication channels and API use cases from the page text.
87,mR7270Q32S,https://stripe.com/pricing,Stripe pricing,"Stripe publishes pricing for online card payments, in-person payments, billing, invoicing, fraud prevention, and other payment products. The page is useful for extracting plan names, transaction fees, and product-specific pricing notes.",Extract product names and pricing signals from the page text.
88,8X5oUtLUhv,https://www.shopify.com/pricing,Shopify pricing,"Shopify lists commerce plans for merchants that want to sell online, in person, and across channels. The page is useful for comparing plan names, monthly prices, and included commerce features.","Extract plan names, prices, and commerce features from the page text."
89,Wc7cL40DYn,https://stripe.com/pricing,Stripe pricing,"Stripe publishes pricing for online card payments, in-person payments, billing, invoicing, fraud prevention, and other payment products. The page is useful for extracting plan names, transaction fees, and product-specific pricing notes.",Extract product names and pricing signals from the page text.
90,J4dMt1PMTx,https://www.datadoghq.com/product/,Datadog products,"Datadog groups products around infrastructure monitoring, logs, APM, security, digital experience, software delivery, and cloud cost management. The page is useful for extracting product families and observability use cases.",Extract product families and observability use cases from the page text.
91,GAQiZk21UT,https://www.cloudflare.com/application-services/,Cloudflare application services,"Cloudflare describes application services for performance, security, DDoS protection, bot management, and traffic acceleration. The page is useful for extracting security capabilities and infrastructure benefits.",Extract security capabilities and infrastructure benefits from the page text.
92,p5tny3SHHc,https://www.hubspot.com/pricing,HubSpot pricing,"HubSpot publishes pricing for its customer platform, including marketing, sales, service, content, operations, and commerce products. The page is useful for extracting product hubs, editions, and pricing structure.","Extract software products, editions, and pricing structure from the page text."
93,kCxpi4RP5y,https://www.notion.so/product,Notion product,"Notion describes its workspace as a place for docs, wikis, projects, databases, and AI-assisted work. The page is useful for extracting product categories, collaboration features, and workflow examples.",Extract collaboration features and workflow categories from the page text.
94,e2abdGuJSh,https://www.shopify.com/pricing,Shopify pricing,"Shopify lists commerce plans for merchants that want to sell online, in person, and across channels. The page is useful for comparing plan names, monthly prices, and included commerce features.","Extract plan names, prices, and commerce features from the page text."
95,3uYHRQlI4H,https://www.atlassian.com/software/jira,Jira project management software,"Atlassian presents Jira as software for planning, tracking, and managing work across software, IT, and business teams. The page is useful for extracting product positioning, target users, and core use cases.","Extract the product name, target users, and main use cases from the page text."
96,W2cr6yvga2,https://www.notion.so/product,Notion product,"Notion describes its workspace as a place for docs, wikis, projects, databases, and AI-assisted work. The page is useful for extracting product categories, collaboration features, and workflow examples.",Extract collaboration features and workflow categories from the page text.
97,ujeoeZgMtC,https://www.datadoghq.com/product/,Datadog products,"Datadog groups products around infrastructure monitoring, logs, APM, security, digital experience, software delivery, and cloud cost management. The page is useful for extracting product families and observability use cases.",Extract product families and observability use cases from the page text.
98,Oq9GnBAW7Y,https://www.atlassian.com/software/jira,Jira project management software,"Atlassian presents Jira as software for planning, tracking, and managing work across software, IT, and business teams. The page is useful for extracting product positioning, target users, and core use cases.","Extract the product name, target users, and main use cases from the page text."
99,mbhbjmxjBs,https://www.shopify.com/pricing,Shopify pricing,"Shopify lists commerce plans for merchants that want to sell online, in person, and across channels. The page is useful for comparing plan names, monthly prices, and included commerce features.","Extract plan names, prices, and commerce features from the page text."
100,y5xRXhjM9F,https://www.hubspot.com/pricing,HubSpot pricing,"HubSpot publishes pricing for its customer platform, including marketing, sales, service, content, operations, and commerce products. The page is useful for extracting product hubs, editions, and pricing structure.","Extract software products, editions, and pricing structure from the page text."
101,y3OW3foGoN,https://www.atlassian.com/software/jira,Jira project management software,"Atlassian presents Jira as software for planning, tracking, and managing work across software, IT, and business teams. The page is useful for extracting product positioning, target users, and core use cases.","Extract the product name, target users, and main use cases from the page text."
102,loQwGhtMOZ,https://www.hubspot.com/pricing,HubSpot pricing,"HubSpot publishes pricing for its customer platform, including marketing, sales, service, content, operations, and commerce products. The page is useful for extracting product hubs, editions, and pricing structure.","Extract software products, editions, and pricing structure from the page text."
103,RZwPIQleB4,https://www.shopify.com/pricing,Shopify pricing,"Shopify lists commerce plans for merchants that want to sell online, in person, and across channels. The page is useful for comparing plan names, monthly prices, and included commerce features.","Extract plan names, prices, and commerce features from the page text."
104,RQyj9kD943,https://www.atlassian.com/software/jira,Jira project management software,"Atlassian presents Jira as software for planning, tracking, and managing work across software, IT, and business teams. The page is useful for extracting product positioning, target users, and core use cases.","Extract the product name, target users, and main use cases from the page text."
105,Z07nid7RSj,https://www.notion.so/product,Notion product,"Notion describes its workspace as a place for docs, wikis, projects, databases, and AI-assisted work. The page is useful for extracting product categories, collaboration features, and workflow examples.",Extract collaboration features and workflow categories from the page text.
106,5ExU3Pz6wW,https://www.hubspot.com/pricing,HubSpot pricing,"HubSpot publishes pricing for its customer platform, including marketing, sales, service, content, operations, and commerce products. The page is useful for extracting product hubs, editions, and pricing structure.","Extract software products, editions, and pricing structure from the page text."
107,i3HvzNyiVL,https://www.cloudflare.com/application-services/,Cloudflare application services,"Cloudflare describes application services for performance, security, DDoS protection, bot management, and traffic acceleration. The page is useful for extracting security capabilities and infrastructure benefits.",Extract security capabilities and infrastructure benefits from the page text.
108,hyaS69fvno,https://www.hubspot.com/pricing,HubSpot pricing,"HubSpot publishes pricing for its customer platform, including marketing, sales, service, content, operations, and commerce products. The page is useful for extracting product hubs, editions, and pricing structure.","Extract software products, editions, and pricing structure from the page text."
109,TyAAxsgL51,https://stripe.com/pricing,Stripe pricing,"Stripe publishes pricing for online card payments, in-person payments, billing, invoicing, fraud prevention, and other payment products. The page is useful for extracting plan names, transaction fees, and product-specific pricing notes.",Extract product names and pricing signals from the page text.
110,4zlYnoPxc2,https://www.datadoghq.com/product/,Datadog products,"Datadog groups products around infrastructure monitoring, logs, APM, security, digital experience, software delivery, and cloud cost management. The page is useful for extracting product families and observability use cases.",Extract product families and observability use cases from the page text.
111,CphYeJHItR,https://www.cloudflare.com/application-services/,Cloudflare application services,"Cloudflare describes application services for performance, security, DDoS protection, bot management, and traffic acceleration. The page is useful for extracting security capabilities and infrastructure benefits.",Extract security capabilities and infrastructure benefits from the page text.
112,Dq3Sclbn9y,https://www.cloudflare.com/application-services/,Cloudflare application services,"Cloudflare describes application services for performance, security, DDoS protection, bot management, and traffic acceleration. The page is useful for extracting security capabilities and infrastructure benefits.",Extract security capabilities and infrastructure benefits from the page text.
113,2HOw9VXVNY,https://www.twilio.com/en-us/messaging,Twilio messaging,"Twilio presents messaging products for SMS, MMS, WhatsApp, conversational messaging, verification, and customer engagement workflows. The page is useful for extracting communication channels and API use cases.",Extract communication channels and API use cases from the page text.
114,Jg2yCg5fd5,https://www.hubspot.com/pricing,HubSpot pricing,"HubSpot publishes pricing for its customer platform, including marketing, sales, service, content, operations, and commerce products. The page is useful for extracting product hubs, editions, and pricing structure.","Extract software products, editions, and pricing structure from the page text."
115,Rhel0XAkHE,https://www.hubspot.com/pricing,HubSpot pricing,"HubSpot publishes pricing for its customer platform, including marketing, sales, service, content, operations, and commerce products. The page is useful for extracting product hubs, editions, and pricing structure.","Extract software products, editions, and pricing structure from the page text."
116,UZhUxqZK35,https://www.atlassian.com/software/jira,Jira project management software,"Atlassian presents Jira as software for planning, tracking, and managing work across software, IT, and business teams. The page is useful for extracting product positioning, target users, and core use cases.","Extract the product name, target users, and main use cases from the page text."
117,S4Vc9DUW2J,https://www.atlassian.com/software/jira,Jira project management software,"Atlassian presents Jira as software for planning, tracking, and managing work across software, IT, and business teams. The page is useful for extracting product positioning, target users, and core use cases.","Extract the product name, target users, and main use cases from the page text."
118,W4y2WwGzJN,https://www.hubspot.com/pricing,HubSpot pricing,"HubSpot publishes pricing for its customer platform, including marketing, sales, service, content, operations, and commerce products. The page is useful for extracting product hubs, editions, and pricing structure.","Extract software products, editions, and pricing structure from the page text."
119,0gvgHLQUkE,https://www.twilio.com/en-us/messaging,Twilio messaging,"Twilio presents messaging products for SMS, MMS, WhatsApp, conversational messaging, verification, and customer engagement workflows. The page is useful for extracting communication channels and API use cases.",Extract communication channels and API use cases from the page text.
120,VLnQ8OeX0N,https://www.hubspot.com/pricing,HubSpot pricing,"HubSpot publishes pricing for its customer platform, including marketing, sales, service, content, operations, and commerce products. The page is useful for extracting product hubs, editions, and pricing structure.","Extract software products, editions, and pricing structure from the page text."
121,JUjHJpSfBi,https://stripe.com/pricing,Stripe pricing,"Stripe publishes pricing for online card payments, in-person payments, billing, invoicing, fraud prevention, and other payment products. The page is useful for extracting plan names, transaction fees, and product-specific pricing notes.",Extract product names and pricing signals from the page text.
122,ndBlhCuKF4,https://www.shopify.com/pricing,Shopify pricing,"Shopify lists commerce plans for merchants that want to sell online, in person, and across channels. The page is useful for comparing plan names, monthly prices, and included commerce features.","Extract plan names, prices, and commerce features from the page text."
123,mnxZUSlYor,https://www.notion.so/product,Notion product,"Notion describes its workspace as a place for docs, wikis, projects, databases, and AI-assisted work. The page is useful for extracting product categories, collaboration features, and workflow examples.",Extract collaboration features and workflow categories from the page text.
124,hEtqxWyPLB,https://stripe.com/pricing,Stripe pricing,"Stripe publishes pricing for online card payments, in-person payments, billing, invoicing, fraud prevention, and other payment products. The page is useful for extracting plan names, transaction fees, and product-specific pricing notes.",Extract product names and pricing signals from the page text.
125,1dqY4hJw06,https://www.notion.so/product,Notion product,"Notion describes its workspace as a place for docs, wikis, projects, databases, and AI-assisted work. The page is useful for extracting product categories, collaboration features, and workflow examples.",Extract collaboration features and workflow categories from the page text.
126,sxG1Dhdd5q,https://www.cloudflare.com/application-services/,Cloudflare application services,"Cloudflare describes application services for performance, security, DDoS protection, bot management, and traffic acceleration. The page is useful for extracting security capabilities and infrastructure benefits.",Extract security capabilities and infrastructure benefits from the page text.
127,oHFlcsJJwH,https://www.hubspot.com/pricing,HubSpot pricing,"HubSpot publishes pricing for its customer platform, including marketing, sales, service, content, operations, and commerce products. The page is useful for extracting product hubs, editions, and pricing structure.","Extract software products, editions, and pricing structure from the page text."
128,YD3FIQwll2,https://www.cloudflare.com/application-services/,Cloudflare application services,"Cloudflare describes application services for performance, security, DDoS protection, bot management, and traffic acceleration. The page is useful for extracting security capabilities and infrastructure benefits.",Extract security capabilities and infrastructure benefits from the page text.
129,c98lNL4O6O,https://www.hubspot.com/pricing,HubSpot pricing,"HubSpot publishes pricing for its customer platform, including marketing, sales, service, content, operations, and commerce products. The page is useful for extracting product hubs, editions, and pricing structure.","Extract software products, editions, and pricing structure from the page text."
130,uWWERIuWZN,https://stripe.com/pricing,Stripe pricing,"Stripe publishes pricing for online card payments, in-person payments, billing, invoicing, fraud prevention, and other payment products. The page is useful for extracting plan names, transaction fees, and product-specific pricing notes.",Extract product names and pricing signals from the page text.
131,gpcmMjGMII,https://stripe.com/pricing,Stripe pricing,"Stripe publishes pricing for online card payments, in-person payments, billing, invoicing, fraud prevention, and other payment products. The page is useful for extracting plan names, transaction fees, and product-specific pricing notes.",Extract product names and pricing signals from the page text.
132,jMA4RgSQ0O,https://www.twilio.com/en-us/messaging,Twilio messaging,"Twilio presents messaging products for SMS, MMS, WhatsApp, conversational messaging, verification, and customer engagement workflows. The page is useful for extracting communication channels and API use cases.",Extract communication channels and API use cases from the page text.
133,msMqjOLo85,https://www.hubspot.com/pricing,HubSpot pricing,"HubSpot publishes pricing for its customer platform, including marketing, sales, service, content, operations, and commerce products. The page is useful for extracting product hubs, editions, and pricing structure.","Extract software products, editions, and pricing structure from the page text."
134,YU3lsMiJEf,https://www.datadoghq.com/product/,Datadog products,"Datadog groups products around infrastructure monitoring, logs, APM, security, digital experience, software delivery, and cloud cost management. The page is useful for extracting product families and observability use cases.",Extract product families and observability use cases from the page text.
135,szoO2svlci,https://www.twilio.com/en-us/messaging,Twilio messaging,"Twilio presents messaging products for SMS, MMS, WhatsApp, conversational messaging, verification, and customer engagement workflows. The page is useful for extracting communication channels and API use cases.",Extract communication channels and API use cases from the page text.
136,lqyRm13X9a,https://www.cloudflare.com/application-services/,Cloudflare application services,"Cloudflare describes application services for performance, security, DDoS protection, bot management, and traffic acceleration. The page is useful for extracting security capabilities and infrastructure benefits.",Extract security capabilities and infrastructure benefits from the page text.
137,EQcK3bIKGh,https://stripe.com/pricing,Stripe pricing,"Stripe publishes pricing for online card payments, in-person payments, billing, invoicing, fraud prevention, and other payment products. The page is useful for extracting plan names, transaction fees, and product-specific pricing notes.",Extract product names and pricing signals from the page text.
138,Oh3FgIiEM5,https://www.twilio.com/en-us/messaging,Twilio messaging,"Twilio presents messaging products for SMS, MMS, WhatsApp, conversational messaging, verification, and customer engagement workflows. The page is useful for extracting communication channels and API use cases.",Extract communication channels and API use cases from the page text.
139,h5K9SZ4rfj,https://stripe.com/pricing,Stripe pricing,"Stripe publishes pricing for online card payments, in-person payments, billing, invoicing, fraud prevention, and other payment products. The page is useful for extracting plan names, transaction fees, and product-specific pricing notes.",Extract product names and pricing signals from the page text.
140,K2hYFvIs2T,https://www.cloudflare.com/application-services/,Cloudflare application services,"Cloudflare describes application services for performance, security, DDoS protection, bot management, and traffic acceleration. The page is useful for extracting security capabilities and infrastructure benefits.",Extract security capabilities and infrastructure benefits from the page text.
141,u3hHRwtXDc,https://www.hubspot.com/pricing,HubSpot pricing,"HubSpot publishes pricing for its customer platform, including marketing, sales, service, content, operations, and commerce products. The page is useful for extracting product hubs, editions, and pricing structure.","Extract software products, editions, and pricing structure from the page text."
142,hPvXYoxcwX,https://stripe.com/pricing,Stripe pricing,"Stripe publishes pricing for online card payments, in-person payments, billing, invoicing, fraud prevention, and other payment products. The page is useful for extracting plan names, transaction fees, and product-specific pricing notes.",Extract product names and pricing signals from the page text.
143,pX2CnLPNac,https://www.datadoghq.com/product/,Datadog products,"Datadog groups products around infrastructure monitoring, logs, APM, security, digital experience, software delivery, and cloud cost management. The page is useful for extracting product families and observability use cases.",Extract product families and observability use cases from the page text.
144,Wp8mbTknXE,https://www.atlassian.com/software/jira,Jira project management software,"Atlassian presents Jira as software for planning, tracking, and managing work across software, IT, and business teams. The page is useful for extracting product positioning, target users, and core use cases.","Extract the product name, target users, and main use cases from the page text."
145,wucHHjqxmc,https://www.notion.so/product,Notion product,"Notion describes its workspace as a place for docs, wikis, projects, databases, and AI-assisted work. The page is useful for extracting product categories, collaboration features, and workflow examples.",Extract collaboration features and workflow categories from the page text.
146,Sma6jfQCy1,https://www.twilio.com/en-us/messaging,Twilio messaging,"Twilio presents messaging products for SMS, MMS, WhatsApp, conversational messaging, verification, and customer engagement workflows. The page is useful for extracting communication channels and API use cases.",Extract communication channels and API use cases from the page text.
147,i6h3saPJTT,https://www.twilio.com/en-us/messaging,Twilio messaging,"Twilio presents messaging products for SMS, MMS, WhatsApp, conversational messaging, verification, and customer engagement workflows. The page is useful for extracting communication channels and API use cases.",Extract communication channels and API use cases from the page text.
148,I5j8juYzbt,https://www.cloudflare.com/application-services/,Cloudflare application services,"Cloudflare describes application services for performance, security, DDoS protection, bot management, and traffic acceleration. The page is useful for extracting security capabilities and infrastructure benefits.",Extract security capabilities and infrastructure benefits from the page text.
149,Fu9sMfKwC4,https://www.cloudflare.com/application-services/,Cloudflare application services,"Cloudflare describes application services for performance, security, DDoS protection, bot management, and traffic acceleration. The page is useful for extracting security capabilities and infrastructure benefits.",Extract security capabilities and infrastructure benefits from the page text.
150,3I9rNAwgbr,https://www.shopify.com/pricing,Shopify pricing,"Shopify lists commerce plans for merchants that want to sell online, in person, and across channels. The page is useful for comparing plan names, monthly prices, and included commerce features.","Extract plan names, prices, and commerce features from the page text."
151,kxdO3XGj3n,https://www.atlassian.com/software/jira,Jira project management software,"Atlassian presents Jira as software for planning, tracking, and managing work across software, IT, and business teams. The page is useful for extracting product positioning, target users, and core use cases.","Extract the product name, target users, and main use cases from the page text."
152,NBcF8cPCoL,https://stripe.com/pricing,Stripe pricing,"Stripe publishes pricing for online card payments, in-person payments, billing, invoicing, fraud prevention, and other payment products. The page is useful for extracting plan names, transaction fees, and product-specific pricing notes.",Extract product names and pricing signals from the page text.
153,bP1hEpkwHf,https://www.shopify.com/pricing,Shopify pricing,"Shopify lists commerce plans for merchants that want to sell online, in person, and across channels. The page is useful for comparing plan names, monthly prices, and included commerce features.","Extract plan names, prices, and commerce features from the page text."
154,wPp51MxLOL,https://www.cloudflare.com/application-services/,Cloudflare application services,"Cloudflare describes application services for performance, security, DDoS protection, bot management, and traffic acceleration. The page is useful for extracting security capabilities and infrastructure benefits.",Extract security capabilities and infrastructure benefits from the page text.
155,4sAElVvhrh,https://www.notion.so/product,Notion product,"Notion describes its workspace as a place for docs, wikis, projects, databases, and AI-assisted work. The page is useful for extracting product categories, collaboration features, and workflow examples.",Extract collaboration features and workflow categories from the page text.
156,BPuLMVArA9,https://www.notion.so/product,Notion product,"Notion describes its workspace as a place for docs, wikis, projects, databases, and AI-assisted work. The page is useful for extracting product categories, collaboration features, and workflow examples.",Extract collaboration features and workflow categories from the page text.
157,k4Y9oK6a18,https://www.cloudflare.com/application-services/,Cloudflare application services,"Cloudflare describes application services for performance, security, DDoS protection, bot management, and traffic acceleration. The page is useful for extracting security capabilities and infrastructure benefits.",Extract security capabilities and infrastructure benefits from the page text.
158,8Jo15Hy1FL,https://www.cloudflare.com/application-services/,Cloudflare application services,"Cloudflare describes application services for performance, security, DDoS protection, bot management, and traffic acceleration. The page is useful for extracting security capabilities and infrastructure benefits.",Extract security capabilities and infrastructure benefits from the page text.
159,5NbhpFc2x6,https://www.atlassian.com/software/jira,Jira project management software,"Atlassian presents Jira as software for planning, tracking, and managing work across software, IT, and business teams. The page is useful for extracting product positioning, target users, and core use cases.","Extract the product name, target users, and main use cases from the page text."
160,aq1ilLad5z,https://www.shopify.com/pricing,Shopify pricing,"Shopify lists commerce plans for merchants that want to sell online, in person, and across channels. The page is useful for comparing plan names, monthly prices, and included commerce features.","Extract plan names, prices, and commerce features from the page text."
161,V6uVHlgiYK,https://www.twilio.com/en-us/messaging,Twilio messaging,"Twilio presents messaging products for SMS, MMS, WhatsApp, conversational messaging, verification, and customer engagement workflows. The page is useful for extracting communication channels and API use cases.",Extract communication channels and API use cases from the page text.
162,Ik0CTcAN4Y,https://www.twilio.com/en-us/messaging,Twilio messaging,"Twilio presents messaging products for SMS, MMS, WhatsApp, conversational messaging, verification, and customer engagement workflows. The page is useful for extracting communication channels and API use cases.",Extract communication channels and API use cases from the page text.
163,ZqFntuBYJD,https://stripe.com/pricing,Stripe pricing,"Stripe publishes pricing for online card payments, in-person payments, billing, invoicing, fraud prevention, and other payment products. The page is useful for extracting plan names, transaction fees, and product-specific pricing notes.",Extract product names and pricing signals from the page text.
164,Cj34MkU8ea,https://www.shopify.com/pricing,Shopify pricing,"Shopify lists commerce plans for merchants that want to sell online, in person, and across channels. The page is useful for comparing plan names, monthly prices, and included commerce features.","Extract plan names, prices, and commerce features from the page text."
165,bbgOdDmhpE,https://www.hubspot.com/pricing,HubSpot pricing,"HubSpot publishes pricing for its customer platform, including marketing, sales, service, content, operations, and commerce products. The page is useful for extracting product hubs, editions, and pricing structure.","Extract software products, editions, and pricing structure from the page text."
166,68y1aLPxes,https://www.atlassian.com/software/jira,Jira project management software,"Atlassian presents Jira as software for planning, tracking, and managing work across software, IT, and business teams. The page is useful for extracting product positioning, target users, and core use cases.","Extract the product name, target users, and main use cases from the page text."
167,psHnJKucg1,https://www.shopify.com/pricing,Shopify pricing,"Shopify lists commerce plans for merchants that want to sell online, in person, and across channels. The page is useful for comparing plan names, monthly prices, and included commerce features.","Extract plan names, prices, and commerce features from the page text."
168,wJBsp6JNOz,https://stripe.com/pricing,Stripe pricing,"Stripe publishes pricing for online card payments, in-person payments, billing, invoicing, fraud prevention, and other payment products. The page is useful for extracting plan names, transaction fees, and product-specific pricing notes.",Extract product names and pricing signals from the page text.
169,85JukcFZrm,https://www.hubspot.com/pricing,HubSpot pricing,"HubSpot publishes pricing for its customer platform, including marketing, sales, service, content, operations, and commerce products. The page is useful for extracting product hubs, editions, and pricing structure.","Extract software products, editions, and pricing structure from the page text."
170,WSHl0Twc9W,https://stripe.com/pricing,Stripe pricing,"Stripe publishes pricing for online card payments, in-person payments, billing, invoicing, fraud prevention, and other payment products. The page is useful for extracting plan names, transaction fees, and product-specific pricing notes.",Extract product names and pricing signals from the page text.
171,jKWZUoO0Zi,https://stripe.com/pricing,Stripe pricing,"Stripe publishes pricing for online card payments, in-person payments, billing, invoicing, fraud prevention, and other payment products. The page is useful for extracting plan names, transaction fees, and product-specific pricing notes.",Extract product names and pricing signals from the page text.
172,tJRizsb0Dj,https://www.shopify.com/pricing,Shopify pricing,"Shopify lists commerce plans for merchants that want to sell online, in person, and across channels. The page is useful for comparing plan names, monthly prices, and included commerce features.","Extract plan names, prices, and commerce features from the page text."
173,UTQO1S3ofd,https://www.cloudflare.com/application-services/,Cloudflare application services,"Cloudflare describes application services for performance, security, DDoS protection, bot management, and traffic acceleration. The page is useful for extracting security capabilities and infrastructure benefits.",Extract security capabilities and infrastructure benefits from the page text.
174,5ndjJYZHoc,https://www.hubspot.com/pricing,HubSpot pricing,"HubSpot publishes pricing for its customer platform, including marketing, sales, service, content, operations, and commerce products. The page is useful for extracting product hubs, editions, and pricing structure.","Extract software products, editions, and pricing structure from the page text."
175,4bQrONW5TG,https://www.twilio.com/en-us/messaging,Twilio messaging,"Twilio presents messaging products for SMS, MMS, WhatsApp, conversational messaging, verification, and customer engagement workflows. The page is useful for extracting communication channels and API use cases.",Extract communication channels and API use cases from the page text.
176,li8OXVzNJP,https://stripe.com/pricing,Stripe pricing,"Stripe publishes pricing for online card payments, in-person payments, billing, invoicing, fraud prevention, and other payment products. The page is useful for extracting plan names, transaction fees, and product-specific pricing notes.",Extract product names and pricing signals from the page text.
177,qv3AN6qI9W,https://www.cloudflare.com/application-services/,Cloudflare application services,"Cloudflare describes application services for performance, security, DDoS protection, bot management, and traffic acceleration. The page is useful for extracting security capabilities and infrastructure benefits.",Extract security capabilities and infrastructure benefits from the page text.
178,FqA22J0vz4,https://www.atlassian.com/software/jira,Jira project management software,"Atlassian presents Jira as software for planning, tracking, and managing work across software, IT, and business teams. The page is useful for extracting product positioning, target users, and core use cases.","Extract the product name, target users, and main use cases from the page text."
179,mDMnxUOLRT,https://www.hubspot.com/pricing,HubSpot pricing,"HubSpot publishes pricing for its customer platform, including marketing, sales, service, content, operations, and commerce products. The page is useful for extracting product hubs, editions, and pricing structure.","Extract software products, editions, and pricing structure from the page text."
180,uYmm7slafW,https://stripe.com/pricing,Stripe pricing,"Stripe publishes pricing for online card payments, in-person payments, billing, invoicing, fraud prevention, and other payment products. The page is useful for extracting plan names, transaction fees, and product-specific pricing notes.",Extract product names and pricing signals from the page text.
181,qiVGhnwSzZ,https://stripe.com/pricing,Stripe pricing,"Stripe publishes pricing for online card payments, in-person payments, billing, invoicing, fraud prevention, and other payment products. The page is useful for extracting plan names, transaction fees, and product-specific pricing notes.",Extract product names and pricing signals from the page text.
182,CgttYQc5z5,https://www.atlassian.com/software/jira,Jira project management software,"Atlassian presents Jira as software for planning, tracking, and managing work across software, IT, and business teams. The page is useful for extracting product positioning, target users, and core use cases.","Extract the product name, target users, and main use cases from the page text."
183,SO0geYzalq,https://www.datadoghq.com/product/,Datadog products,"Datadog groups products around infrastructure monitoring, logs, APM, security, digital experience, software delivery, and cloud cost management. The page is useful for extracting product families and observability use cases.",Extract product families and observability use cases from the page text.
184,QSVYBd4qZi,https://stripe.com/pricing,Stripe pricing,"Stripe publishes pricing for online card payments, in-person payments, billing, invoicing, fraud prevention, and other payment products. The page is useful for extracting plan names, transaction fees, and product-specific pricing notes.",Extract product names and pricing signals from the page text.
185,tVdW0PpTwY,https://www.datadoghq.com/product/,Datadog products,"Datadog groups products around infrastructure monitoring, logs, APM, security, digital experience, software delivery, and cloud cost management. The page is useful for extracting product families and observability use cases.",Extract product families and observability use cases from the page text.
186,NCec7RrnWM,https://www.notion.so/product,Notion product,"Notion describes its workspace as a place for docs, wikis, projects, databases, and AI-assisted work. The page is useful for extracting product categories, collaboration features, and workflow examples.",Extract collaboration features and workflow categories from the page text.
187,001x3GpIYs,https://www.twilio.com/en-us/messaging,Twilio messaging,"Twilio presents messaging products for SMS, MMS, WhatsApp, conversational messaging, verification, and customer engagement workflows. The page is useful for extracting communication channels and API use cases.",Extract communication channels and API use cases from the page text.
188,8iO32ajK2x,https://www.hubspot.com/pricing,HubSpot pricing,"HubSpot publishes pricing for its customer platform, including marketing, sales, service, content, operations, and commerce products. The page is useful for extracting product hubs, editions, and pricing structure.","Extract software products, editions, and pricing structure from the page text."
189,cky8Ij9sFP,https://www.twilio.com/en-us/messaging,Twilio messaging,"Twilio presents messaging products for SMS, MMS, WhatsApp, conversational messaging, verification, and customer engagement workflows. The page is useful for extracting communication channels and API use cases.",Extract communication channels and API use cases from the page text.
190,XvYomVATHl,https://www.cloudflare.com/application-services/,Cloudflare application services,"Cloudflare describes application services for performance, security, DDoS protection, bot management, and traffic acceleration. The page is useful for extracting security capabilities and infrastructure benefits.",Extract security capabilities and infrastructure benefits from the page text.
191,i9BgeP1CCe,https://www.atlassian.com/software/jira,Jira project management software,"Atlassian presents Jira as software for planning, tracking, and managing work across software, IT, and business teams. The page is useful for extracting product positioning, target users, and core use cases.","Extract the product name, target users, and main use cases from the page text."
192,afn50iADNZ,https://www.twilio.com/en-us/messaging,Twilio messaging,"Twilio presents messaging products for SMS, MMS, WhatsApp, conversational messaging, verification, and customer engagement workflows. The page is useful for extracting communication channels and API use cases.",Extract communication channels and API use cases from the page text.
193,CAImxciLLk,https://www.shopify.com/pricing,Shopify pricing,"Shopify lists commerce plans for merchants that want to sell online, in person, and across channels. The page is useful for comparing plan names, monthly prices, and included commerce features.","Extract plan names, prices, and commerce features from the page text."
194,wbmWjw2Bd3,https://stripe.com/pricing,Stripe pricing,"Stripe publishes pricing for online card payments, in-person payments, billing, invoicing, fraud prevention, and other payment products. The page is useful for extracting plan names, transaction fees, and product-specific pricing notes.",Extract product names and pricing signals from the page text.
195,u7gozJ7s2w,https://www.shopify.com/pricing,Shopify pricing,"Shopify lists commerce plans for merchants that want to sell online, in person, and across channels. The page is useful for comparing plan names, monthly prices, and included commerce features.","Extract plan names, prices, and commerce features from the page text."
196,Bu69PioycM,https://www.twilio.com/en-us/messaging,Twilio messaging,"Twilio presents messaging products for SMS, MMS, WhatsApp, conversational messaging, verification, and customer engagement workflows. The page is useful for extracting communication channels and API use cases.",Extract communication channels and API use cases from the page text.
197,22hI1nI6TS,https://www.shopify.com/pricing,Shopify pricing,"Shopify lists commerce plans for merchants that want to sell online, in person, and across channels. The page is useful for comparing plan names, monthly prices, and included commerce features.","Extract plan names, prices, and commerce features from the page text."
198,AV4q6jcNfN,https://www.atlassian.com/software/jira,Jira project management software,"Atlassian presents Jira as software for planning, tracking, and managing work across software, IT, and business teams. The page is useful for extracting product positioning, target users, and core use cases.","Extract the product name, target users, and main use cases from the page text."
199,Y3kwtVRxOa,https://www.datadoghq.com/product/,Datadog products,"Datadog groups products around infrastructure monitoring, logs, APM, security, digital experience, software delivery, and cloud cost management. The page is useful for extracting product families and observability use cases.",Extract product families and observability use cases from the page text.
200,GOraMPS8WK,https://www.datadoghq.com/product/,Datadog products,"Datadog groups products around infrastructure monitoring, logs, APM, security, digital experience, software delivery, and cloud cost management. The page is useful for extracting product families and observability use cases.",Extract product families and observability use cases from the page text.
201,bGZKwpmGeE,https://www.notion.so/product,Notion product,"Notion describes its workspace as a place for docs, wikis, projects, databases, and AI-assisted work. The page is useful for extracting product categories, collaboration features, and workflow examples.",Extract collaboration features and workflow categories from the page text.
202,6Wa3YqMnle,https://www.datadoghq.com/product/,Datadog products,"Datadog groups products around infrastructure monitoring, logs, APM, security, digital experience, software delivery, and cloud cost management. The page is useful for extracting product families and observability use cases.",Extract product families and observability use cases from the page text.
203,fTMO1T78y3,https://www.twilio.com/en-us/messaging,Twilio messaging,"Twilio presents messaging products for SMS, MMS, WhatsApp, conversational messaging, verification, and customer engagement workflows. The page is useful for extracting communication channels and API use cases.",Extract communication channels and API use cases from the page text.
204,SuUCumFkfH,https://stripe.com/pricing,Stripe pricing,"Stripe publishes pricing for online card payments, in-person payments, billing, invoicing, fraud prevention, and other payment products. The page is useful for extracting plan names, transaction fees, and product-specific pricing notes.",Extract product names and pricing signals from the page text.
205,7Gb3CKrmpW,https://www.twilio.com/en-us/messaging,Twilio messaging,"Twilio presents messaging products for SMS, MMS, WhatsApp, conversational messaging, verification, and customer engagement workflows. The page is useful for extracting communication channels and API use cases.",Extract communication channels and API use cases from the page text.
206,aKEiTYK7Uk,https://www.notion.so/product,Notion product,"Notion describes its workspace as a place for docs, wikis, projects, databases, and AI-assisted work. The page is useful for extracting product categories, collaboration features, and workflow examples.",Extract collaboration features and workflow categories from the page text.
207,P7J7Z8APr8,https://www.twilio.com/en-us/messaging,Twilio messaging,"Twilio presents messaging products for SMS, MMS, WhatsApp, conversational messaging, verification, and customer engagement workflows. The page is useful for extracting communication channels and API use cases.",Extract communication channels and API use cases from the page text.
208,8vwy8czQZU,https://www.twilio.com/en-us/messaging,Twilio messaging,"Twilio presents messaging products for SMS, MMS, WhatsApp, conversational messaging, verification, and customer engagement workflows. The page is useful for extracting communication channels and API use cases.",Extract communication channels and API use cases from the page text.
209,BVEJK0VQFe,https://www.datadoghq.com/product/,Datadog products,"Datadog groups products around infrastructure monitoring, logs, APM, security, digital experience, software delivery, and cloud cost management. The page is useful for extracting product families and observability use cases.",Extract product families and observability use cases from the page text.
210,MZwbprUjEO,https://www.shopify.com/pricing,Shopify pricing,"Shopify lists commerce plans for merchants that want to sell online, in person, and across channels. The page is useful for comparing plan names, monthly prices, and included commerce features.","Extract plan names, prices, and commerce features from the page text."
211,T4xT5RUCgp,https://www.twilio.com/en-us/messaging,Twilio messaging,"Twilio presents messaging products for SMS, MMS, WhatsApp, conversational messaging, verification, and customer engagement workflows. The page is useful for extracting communication channels and API use cases.",Extract communication channels and API use cases from the page text.
212,kqHUpLkbUD,https://www.shopify.com/pricing,Shopify pricing,"Shopify lists commerce plans for merchants that want to sell online, in person, and across channels. The page is useful for comparing plan names, monthly prices, and included commerce features.","Extract plan names, prices, and commerce features from the page text."
213,iudhabtkFY,https://www.cloudflare.com/application-services/,Cloudflare application services,"Cloudflare describes application services for performance, security, DDoS protection, bot management, and traffic acceleration. The page is useful for extracting security capabilities and infrastructure benefits.",Extract security capabilities and infrastructure benefits from the page text.
214,2xjx1tqV4e,https://www.datadoghq.com/product/,Datadog products,"Datadog groups products around infrastructure monitoring, logs, APM, security, digital experience, software delivery, and cloud cost management. The page is useful for extracting product families and observability use cases.",Extract product families and observability use cases from the page text.
215,EcQ8Fd8mgC,https://www.shopify.com/pricing,Shopify pricing,"Shopify lists commerce plans for merchants that want to sell online, in person, and across channels. The page is useful for comparing plan names, monthly prices, and included commerce features.","Extract plan names, prices, and commerce features from the page text."
216,3ARA5HlWje,https://stripe.com/pricing,Stripe pricing,"Stripe publishes pricing for online card payments, in-person payments, billing, invoicing, fraud prevention, and other payment products. The page is useful for extracting plan names, transaction fees, and product-specific pricing notes.",Extract product names and pricing signals from the page text.
217,RSgdY3gypy,https://www.atlassian.com/software/jira,Jira project management software,"Atlassian presents Jira as software for planning, tracking, and managing work across software, IT, and business teams. The page is useful for extracting product positioning, target users, and core use cases.","Extract the product name, target users, and main use cases from the page text."
218,o6BPezMuYj,https://www.datadoghq.com/product/,Datadog products,"Datadog groups products around infrastructure monitoring, logs, APM, security, digital experience, software delivery, and cloud cost management. The page is useful for extracting product families and observability use cases.",Extract product families and observability use cases from the page text.
219,ADDFLvcvk6,https://www.atlassian.com/software/jira,Jira project management software,"Atlassian presents Jira as software for planning, tracking, and managing work across software, IT, and business teams. The page is useful for extracting product positioning, target users, and core use cases.","Extract the product name, target users, and main use cases from the page text."
220,qMGEW8BwEF,https://www.hubspot.com/pricing,HubSpot pricing,"HubSpot publishes pricing for its customer platform, including marketing, sales, service, content, operations, and commerce products. The page is useful for extracting product hubs, editions, and pricing structure.","Extract software products, editions, and pricing structure from the page text."
221,LtkJR4z2yu,https://www.atlassian.com/software/jira,Jira project management software,"Atlassian presents Jira as software for planning, tracking, and managing work across software, IT, and business teams. The page is useful for extracting product positioning, target users, and core use cases.","Extract the product name, target users, and main use cases from the page text."
222,m0zbhWIGKw,https://www.atlassian.com/software/jira,Jira project management software,"Atlassian presents Jira as software for planning, tracking, and managing work across software, IT, and business teams. The page is useful for extracting product positioning, target users, and core use cases.","Extract the product name, target users, and main use cases from the page text."
223,0VMmN7spCi,https://www.shopify.com/pricing,Shopify pricing,"Shopify lists commerce plans for merchants that want to sell online, in person, and across channels. The page is useful for comparing plan names, monthly prices, and included commerce features.","Extract plan names, prices, and commerce features from the page text."
224,RTn7pLCtfr,https://www.atlassian.com/software/jira,Jira project management software,"Atlassian presents Jira as software for planning, tracking, and managing work across software, IT, and business teams. The page is useful for extracting product positioning, target users, and core use cases.","Extract the product name, target users, and main use cases from the page text."
225,PyWahj4zYu,https://www.atlassian.com/software/jira,Jira project management software,"Atlassian presents Jira as software for planning, tracking, and managing work across software, IT, and business teams. The page is useful for extracting product positioning, target users, and core use cases.","Extract the product name, target users, and main use cases from the page text."
226,Sj1y9PluLX,https://www.shopify.com/pricing,Shopify pricing,"Shopify lists commerce plans for merchants that want to sell online, in person, and across channels. The page is useful for comparing plan names, monthly prices, and included commerce features.","Extract plan names, prices, and commerce features from the page text."
227,mPNRgAjaLZ,https://www.notion.so/product,Notion product,"Notion describes its workspace as a place for docs, wikis, projects, databases, and AI-assisted work. The page is useful for extracting product categories, collaboration features, and workflow examples.",Extract collaboration features and workflow categories from the page text.
228,Vm4fnLqf4K,https://www.notion.so/product,Notion product,"Notion describes its workspace as a place for docs, wikis, projects, databases, and AI-assisted work. The page is useful for extracting product categories, collaboration features, and workflow examples.",Extract collaboration features and workflow categories from the page text.
229,xsGKGslv3b,https://www.shopify.com/pricing,Shopify pricing,"Shopify lists commerce plans for merchants that want to sell online, in person, and across channels. The page is useful for comparing plan names, monthly prices, and included commerce features.","Extract plan names, prices, and commerce features from the page text."
230,ebXtDHPxDB,https://www.atlassian.com/software/jira,Jira project management software,"Atlassian presents Jira as software for planning, tracking, and managing work across software, IT, and business teams. The page is useful for extracting product positioning, target users, and core use cases.","Extract the product name, target users, and main use cases from the page text."
231,mgpxuC5275,https://stripe.com/pricing,Stripe pricing,"Stripe publishes pricing for online card payments, in-person payments, billing, invoicing, fraud prevention, and other payment products. The page is useful for extracting plan names, transaction fees, and product-specific pricing notes.",Extract product names and pricing signals from the page text.
232,u1g6squgwI,https://www.notion.so/product,Notion product,"Notion describes its workspace as a place for docs, wikis, projects, databases, and AI-assisted work. The page is useful for extracting product categories, collaboration features, and workflow examples.",Extract collaboration features and workflow categories from the page text.
233,R4nVK86hRO,https://stripe.com/pricing,Stripe pricing,"Stripe publishes pricing for online card payments, in-person payments, billing, invoicing, fraud prevention, and other payment products. The page is useful for extracting plan names, transaction fees, and product-specific pricing notes.",Extract product names and pricing signals from the page text.
234,HEjkoDbSop,https://www.cloudflare.com/application-services/,Cloudflare application services,"Cloudflare describes application services for performance, security, DDoS protection, bot management, and traffic acceleration. The page is useful for extracting security capabilities and infrastructure benefits.",Extract security capabilities and infrastructure benefits from the page text.
235,SqVd5QY1IF,https://www.notion.so/product,Notion product,"Notion describes its workspace as a place for docs, wikis, projects, databases, and AI-assisted work. The page is useful for extracting product categories, collaboration features, and workflow examples.",Extract collaboration features and workflow categories from the page text.
236,gxQbfivuoQ,https://www.shopify.com/pricing,Shopify pricing,"Shopify lists commerce plans for merchants that want to sell online, in person, and across channels. The page is useful for comparing plan names, monthly prices, and included commerce features.","Extract plan names, prices, and commerce features from the page text."
237,NBw0RsYfIn,https://www.twilio.com/en-us/messaging,Twilio messaging,"Twilio presents messaging products for SMS, MMS, WhatsApp, conversational messaging, verification, and customer engagement workflows. The page is useful for extracting communication channels and API use cases.",Extract communication channels and API use cases from the page text.
238,abWkjEDlmi,https://www.datadoghq.com/product/,Datadog products,"Datadog groups products around infrastructure monitoring, logs, APM, security, digital experience, software delivery, and cloud cost management. The page is useful for extracting product families and observability use cases.",Extract product families and observability use cases from the page text.
239,gJZz3wSPy7,https://www.shopify.com/pricing,Shopify pricing,"Shopify lists commerce plans for merchants that want to sell online, in person, and across channels. The page is useful for comparing plan names, monthly prices, and included commerce features.","Extract plan names, prices, and commerce features from the page text."
240,JKD1kFYI53,https://www.twilio.com/en-us/messaging,Twilio messaging,"Twilio presents messaging products for SMS, MMS, WhatsApp, conversational messaging, verification, and customer engagement workflows. The page is useful for extracting communication channels and API use cases.",Extract communication channels and API use cases from the page text.
241,IuGItgzJuu,https://www.twilio.com/en-us/messaging,Twilio messaging,"Twilio presents messaging products for SMS, MMS, WhatsApp, conversational messaging, verification, and customer engagement workflows. The page is useful for extracting communication channels and API use cases.",Extract communication channels and API use cases from the page text.
242,2JyJXsARYQ,https://www.hubspot.com/pricing,HubSpot pricing,"HubSpot publishes pricing for its customer platform, including marketing, sales, service, content, operations, and commerce products. The page is useful for extracting product hubs, editions, and pricing structure.","Extract software products, editions, and pricing structure from the page text."
243,8S8EbsBELc,https://stripe.com/pricing,Stripe pricing,"Stripe publishes pricing for online card payments, in-person payments, billing, invoicing, fraud prevention, and other payment products. The page is useful for extracting plan names, transaction fees, and product-specific pricing notes.",Extract product names and pricing signals from the page text.
244,NIDni2H8WT,https://www.cloudflare.com/application-services/,Cloudflare application services,"Cloudflare describes application services for performance, security, DDoS protection, bot management, and traffic acceleration. The page is useful for extracting security capabilities and infrastructure benefits.",Extract security capabilities and infrastructure benefits from the page text.
245,PvHg1bRG3h,https://www.twilio.com/en-us/messaging,Twilio messaging,"Twilio presents messaging products for SMS, MMS, WhatsApp, conversational messaging, verification, and customer engagement workflows. The page is useful for extracting communication channels and API use cases.",Extract communication channels and API use cases from the page text.
246,MUN801dhlQ,https://www.twilio.com/en-us/messaging,Twilio messaging,"Twilio presents messaging products for SMS, MMS, WhatsApp, conversational messaging, verification, and customer engagement workflows. The page is useful for extracting communication channels and API use cases.",Extract communication channels and API use cases from the page text.
247,1uUwbvqbjh,https://www.hubspot.com/pricing,HubSpot pricing,"HubSpot publishes pricing for its customer platform, including marketing, sales, service, content, operations, and commerce products. The page is useful for extracting product hubs, editions, and pricing structure.","Extract software products, editions, and pricing structure from the page text."
248,kPY4cmMma2,https://www.hubspot.com/pricing,HubSpot pricing,"HubSpot publishes pricing for its customer platform, including marketing, sales, service, content, operations, and commerce products. The page is useful for extracting product hubs, editions, and pricing structure.","Extract software products, editions, and pricing structure from the page text."
249,cAZvoWY7mp,https://www.atlassian.com/software/jira,Jira project management software,"Atlassian presents Jira as software for planning, tracking, and managing work across software, IT, and business teams. The page is useful for extracting product positioning, target users, and core use cases.","Extract the product name, target users, and main use cases from the page text."
250,rsFbUHiSua,https://www.cloudflare.com/application-services/,Cloudflare application services,"Cloudflare describes application services for performance, security, DDoS protection, bot management, and traffic acceleration. The page is useful for extracting security capabilities and infrastructure benefits.",Extract security capabilities and infrastructure benefits from the page text.
251,tLK7K9UOCJ,https://www.shopify.com/pricing,Shopify pricing,"Shopify lists commerce plans for merchants that want to sell online, in person, and across channels. The page is useful for comparing plan names, monthly prices, and included commerce features.","Extract plan names, prices, and commerce features from the page text."
252,b8Czah35bs,https://www.cloudflare.com/application-services/,Cloudflare application services,"Cloudflare describes application services for performance, security, DDoS protection, bot management, and traffic acceleration. The page is useful for extracting security capabilities and infrastructure benefits.",Extract security capabilities and infrastructure benefits from the page text.
253,8xbWkSEo1S,https://www.atlassian.com/software/jira,Jira project management software,"Atlassian presents Jira as software for planning, tracking, and managing work across software, IT, and business teams. The page is useful for extracting product positioning, target users, and core use cases.","Extract the product name, target users, and main use cases from the page text."
254,euolAO34m9,https://stripe.com/pricing,Stripe pricing,"Stripe publishes pricing for online card payments, in-person payments, billing, invoicing, fraud prevention, and other payment products. The page is useful for extracting plan names, transaction fees, and product-specific pricing notes.",Extract product names and pricing signals from the page text.
255,fiFaHr2caB,https://www.shopify.com/pricing,Shopify pricing,"Shopify lists commerce plans for merchants that want to sell online, in person, and across channels. The page is useful for comparing plan names, monthly prices, and included commerce features.","Extract plan names, prices, and commerce features from the page text."
256,PfcggQtDUN,https://www.shopify.com/pricing,Shopify pricing,"Shopify lists commerce plans for merchants that want to sell online, in person, and across channels. The page is useful for comparing plan names, monthly prices, and included commerce features.","Extract plan names, prices, and commerce features from the page text."
257,6wIuykLYH7,https://www.twilio.com/en-us/messaging,Twilio messaging,"Twilio presents messaging products for SMS, MMS, WhatsApp, conversational messaging, verification, and customer engagement workflows. The page is useful for extracting communication channels and API use cases.",Extract communication channels and API use cases from the page text.
258,TXl8AOI66M,https://www.shopify.com/pricing,Shopify pricing,"Shopify lists commerce plans for merchants that want to sell online, in person, and across channels. The page is useful for comparing plan names, monthly prices, and included commerce features.","Extract plan names, prices, and commerce features from the page text."
259,oqcBn2xewh,https://www.twilio.com/en-us/messaging,Twilio messaging,"Twilio presents messaging products for SMS, MMS, WhatsApp, conversational messaging, verification, and customer engagement workflows. The page is useful for extracting communication channels and API use cases.",Extract communication channels and API use cases from the page text.
260,838BMChTRj,https://www.atlassian.com/software/jira,Jira project management software,"Atlassian presents Jira as software for planning, tracking, and managing work across software, IT, and business teams. The page is useful for extracting product positioning, target users, and core use cases.","Extract the product name, target users, and main use cases from the page text."
261,uu8vaoRl2C,https://www.hubspot.com/pricing,HubSpot pricing,"HubSpot publishes pricing for its customer platform, including marketing, sales, service, content, operations, and commerce products. The page is useful for extracting product hubs, editions, and pricing structure.","Extract software products, editions, and pricing structure from the page text."
262,j9vrqUQWlQ,https://www.notion.so/product,Notion product,"Notion describes its workspace as a place for docs, wikis, projects, databases, and AI-assisted work. The page is useful for extracting product categories, collaboration features, and workflow examples.",Extract collaboration features and workflow categories from the page text.
263,1bJWnWQuNq,https://www.twilio.com/en-us/messaging,Twilio messaging,"Twilio presents messaging products for SMS, MMS, WhatsApp, conversational messaging, verification, and customer engagement workflows. The page is useful for extracting communication channels and API use cases.",Extract communication channels and API use cases from the page text.
264,CJuk6nF2xp,https://stripe.com/pricing,Stripe pricing,"Stripe publishes pricing for online card payments, in-person payments, billing, invoicing, fraud prevention, and other payment products. The page is useful for extracting plan names, transaction fees, and product-specific pricing notes.",Extract product names and pricing signals from the page text.
265,IsLrGq0FNY,https://www.notion.so/product,Notion product,"Notion describes its workspace as a place for docs, wikis, projects, databases, and AI-assisted work. The page is useful for extracting product categories, collaboration features, and workflow examples.",Extract collaboration features and workflow categories from the page text.
266,dLbOMavMcM,https://stripe.com/pricing,Stripe pricing,"Stripe publishes pricing for online card payments, in-person payments, billing, invoicing, fraud prevention, and other payment products. The page is useful for extracting plan names, transaction fees, and product-specific pricing notes.",Extract product names and pricing signals from the page text.
267,Thsc8fOf81,https://www.notion.so/product,Notion product,"Notion describes its workspace as a place for docs, wikis, projects, databases, and AI-assisted work. The page is useful for extracting product categories, collaboration features, and workflow examples.",Extract collaboration features and workflow categories from the page text.
268,iYKsnHZcOL,https://stripe.com/pricing,Stripe pricing,"Stripe publishes pricing for online card payments, in-person payments, billing, invoicing, fraud prevention, and other payment products. The page is useful for extracting plan names, transaction fees, and product-specific pricing notes.",Extract product names and pricing signals from the page text.
269,6fPOiLiEiG,https://www.atlassian.com/software/jira,Jira project management software,"Atlassian presents Jira as software for planning, tracking, and managing work across software, IT, and business teams. The page is useful for extracting product positioning, target users, and core use cases.","Extract the product name, target users, and main use cases from the page text."
270,VZSzhwjFun,https://stripe.com/pricing,Stripe pricing,"Stripe publishes pricing for online card payments, in-person payments, billing, invoicing, fraud prevention, and other payment products. The page is useful for extracting plan names, transaction fees, and product-specific pricing notes.",Extract product names and pricing signals from the page text.
271,KD0rG29ZtG,https://www.shopify.com/pricing,Shopify pricing,"Shopify lists commerce plans for merchants that want to sell online, in person, and across channels. The page is useful for comparing plan names, monthly prices, and included commerce features.","Extract plan names, prices, and commerce features from the page text."
272,gEp2WGofwX,https://www.shopify.com/pricing,Shopify pricing,"Shopify lists commerce plans for merchants that want to sell online, in person, and across channels. The page is useful for comparing plan names, monthly prices, and included commerce features.","Extract plan names, prices, and commerce features from the page text."
273,XVCzvAK7kC,https://www.cloudflare.com/application-services/,Cloudflare application services,"Cloudflare describes application services for performance, security, DDoS protection, bot management, and traffic acceleration. The page is useful for extracting security capabilities and infrastructure benefits.",Extract security capabilities and infrastructure benefits from the page text.
274,N8LiMNmmJa,https://www.notion.so/product,Notion product,"Notion describes its workspace as a place for docs, wikis, projects, databases, and AI-assisted work. The page is useful for extracting product categories, collaboration features, and workflow examples.",Extract collaboration features and workflow categories from the page text.
275,Lg0Y9X2997,https://www.hubspot.com/pricing,HubSpot pricing,"HubSpot publishes pricing for its customer platform, including marketing, sales, service, content, operations, and commerce products. The page is useful for extracting product hubs, editions, and pricing structure.","Extract software products, editions, and pricing structure from the page text."
276,s8TE6oKrw3,https://www.atlassian.com/software/jira,Jira project management software,"Atlassian presents Jira as software for planning, tracking, and managing work across software, IT, and business teams. The page is useful for extracting product positioning, target users, and core use cases.","Extract the product name, target users, and main use cases from the page text."
277,Kmmcxu1pEi,https://www.twilio.com/en-us/messaging,Twilio messaging,"Twilio presents messaging products for SMS, MMS, WhatsApp, conversational messaging, verification, and customer engagement workflows. The page is useful for extracting communication channels and API use cases.",Extract communication channels and API use cases from the page text.
278,V82lhzCoMF,https://www.twilio.com/en-us/messaging,Twilio messaging,"Twilio presents messaging products for SMS, MMS, WhatsApp, conversational messaging, verification, and customer engagement workflows. The page is useful for extracting communication channels and API use cases.",Extract communication channels and API use cases from the page text.
279,jrDEMsqvPI,https://www.notion.so/product,Notion product,"Notion describes its workspace as a place for docs, wikis, projects, databases, and AI-assisted work. The page is useful for extracting product categories, collaboration features, and workflow examples.",Extract collaboration features and workflow categories from the page text.
280,xHbmiiiMmt,https://www.atlassian.com/software/jira,Jira project management software,"Atlassian presents Jira as software for planning, tracking, and managing work across software, IT, and business teams. The page is useful for extracting product positioning, target users, and core use cases.","Extract the product name, target users, and main use cases from the page text."
281,s4Owr6eF8E,https://www.twilio.com/en-us/messaging,Twilio messaging,"Twilio presents messaging products for SMS, MMS, WhatsApp, conversational messaging, verification, and customer engagement workflows. The page is useful for extracting communication channels and API use cases.",Extract communication channels and API use cases from the page text.
282,4D3fnYfC84,https://www.cloudflare.com/application-services/,Cloudflare application services,"Cloudflare describes application services for performance, security, DDoS protection, bot management, and traffic acceleration. The page is useful for extracting security capabilities and infrastructure benefits.",Extract security capabilities and infrastructure benefits from the page text.
283,WJl9x27S8z,https://www.datadoghq.com/product/,Datadog products,"Datadog groups products around infrastructure monitoring, logs, APM, security, digital experience, software delivery, and cloud cost management. The page is useful for extracting product families and observability use cases.",Extract product families and observability use cases from the page text.
284,kbRo8Tkxjw,https://www.atlassian.com/software/jira,Jira project management software,"Atlassian presents Jira as software for planning, tracking, and managing work across software, IT, and business teams. The page is useful for extracting product positioning, target users, and core use cases.","Extract the product name, target users, and main use cases from the page text."
285,8FGHYrmsi2,https://www.atlassian.com/software/jira,Jira project management software,"Atlassian presents Jira as software for planning, tracking, and managing work across software, IT, and business teams. The page is useful for extracting product positioning, target users, and core use cases.","Extract the product name, target users, and main use cases from the page text."
286,dCe6rj8IrO,https://www.atlassian.com/software/jira,Jira project management software,"Atlassian presents Jira as software for planning, tracking, and managing work across software, IT, and business teams. The page is useful for extracting product positioning, target users, and core use cases.","Extract the product name, target users, and main use cases from the page text."
287,FeeHVm5Xk4,https://www.atlassian.com/software/jira,Jira project management software,"Atlassian presents Jira as software for planning, tracking, and managing work across software, IT, and business teams. The page is useful for extracting product positioning, target users, and core use cases.","Extract the product name, target users, and main use cases from the page text."
288,OOSoAkmdk7,https://www.notion.so/product,Notion product,"Notion describes its workspace as a place for docs, wikis, projects, databases, and AI-assisted work. The page is useful for extracting product categories, collaboration features, and workflow examples.",Extract collaboration features and workflow categories from the page text.
289,HJlJ5I4YJJ,https://www.twilio.com/en-us/messaging,Twilio messaging,"Twilio presents messaging products for SMS, MMS, WhatsApp, conversational messaging, verification, and customer engagement workflows. The page is useful for extracting communication channels and API use cases.",Extract communication channels and API use cases from the page text.
290,yZ3bOTN33x,https://www.shopify.com/pricing,Shopify pricing,"Shopify lists commerce plans for merchants that want to sell online, in person, and across channels. The page is useful for comparing plan names, monthly prices, and included commerce features.","Extract plan names, prices, and commerce features from the page text."
291,a0mFKH5iFk,https://www.shopify.com/pricing,Shopify pricing,"Shopify lists commerce plans for merchants that want to sell online, in person, and across channels. The page is useful for comparing plan names, monthly prices, and included commerce features.","Extract plan names, prices, and commerce features from the page text."
292,UKQ8gXJD4d,https://www.shopify.com/pricing,Shopify pricing,"Shopify lists commerce plans for merchants that want to sell online, in person, and across channels. The page is useful for comparing plan names, monthly prices, and included commerce features.","Extract plan names, prices, and commerce features from the page text."
293,Z3X2xQQ3p7,https://www.shopify.com/pricing,Shopify pricing,"Shopify lists commerce plans for merchants that want to sell online, in person, and across channels. The page is useful for comparing plan names, monthly prices, and included commerce features.","Extract plan names, prices, and commerce features from the page text."
294,PXk7XzOKRd,https://www.twilio.com/en-us/messaging,Twilio messaging,"Twilio presents messaging products for SMS, MMS, WhatsApp, conversational messaging, verification, and customer engagement workflows. The page is useful for extracting communication channels and API use cases.",Extract communication channels and API use cases from the page text.
295,FqSDdmPgV4,https://stripe.com/pricing,Stripe pricing,"Stripe publishes pricing for online card payments, in-person payments, billing, invoicing, fraud prevention, and other payment products. The page is useful for extracting plan names, transaction fees, and product-specific pricing notes.",Extract product names and pricing signals from the page text.
296,k9g3nKMJBg,https://www.atlassian.com/software/jira,Jira project management software,"Atlassian presents Jira as software for planning, tracking, and managing work across software, IT, and business teams. The page is useful for extracting product positioning, target users, and core use cases.","Extract the product name, target users, and main use cases from the page text."
297,LAex7ch8sH,https://stripe.com/pricing,Stripe pricing,"Stripe publishes pricing for online card payments, in-person payments, billing, invoicing, fraud prevention, and other payment products. The page is useful for extracting plan names, transaction fees, and product-specific pricing notes.",Extract product names and pricing signals from the page text.
298,mPOGSTDtS6,https://www.hubspot.com/pricing,HubSpot pricing,"HubSpot publishes pricing for its customer platform, including marketing, sales, service, content, operations, and commerce products. The page is useful for extracting product hubs, editions, and pricing structure.","Extract software products, editions, and pricing structure from the page text."
299,xX2r06I0Vb,https://www.hubspot.com/pricing,HubSpot pricing,"HubSpot publishes pricing for its customer platform, including marketing, sales, service, content, operations, and commerce products. The page is useful for extracting product hubs, editions, and pricing structure.","Extract software products, editions, and pricing structure from the page text."
300,q2l6Jbf5rs,https://www.datadoghq.com/product/,Datadog products,"Datadog groups products around infrastructure monitoring, logs, APM, security, digital experience, software delivery, and cloud cost management. The page is useful for extracting product families and observability use cases.",Extract product families and observability use cases from the page text.
301,taftaOGxwq,https://www.hubspot.com/pricing,HubSpot pricing,"HubSpot publishes pricing for its customer platform, including marketing, sales, service, content, operations, and commerce products. The page is useful for extracting product hubs, editions, and pricing structure.","Extract software products, editions, and pricing structure from the page text."
302,rqHYkGmSJM,https://www.datadoghq.com/product/,Datadog products,"Datadog groups products around infrastructure monitoring, logs, APM, security, digital experience, software delivery, and cloud cost management. The page is useful for extracting product families and observability use cases.",Extract product families and observability use cases from the page text.
303,LYNeNFSHLE,https://www.twilio.com/en-us/messaging,Twilio messaging,"Twilio presents messaging products for SMS, MMS, WhatsApp, conversational messaging, verification, and customer engagement workflows. The page is useful for extracting communication channels and API use cases.",Extract communication channels and API use cases from the page text.
304,d9gkGiPXg3,https://www.notion.so/product,Notion product,"Notion describes its workspace as a place for docs, wikis, projects, databases, and AI-assisted work. The page is useful for extracting product categories, collaboration features, and workflow examples.",Extract collaboration features and workflow categories from the page text.
305,yVpZJRjiNj,https://www.twilio.com/en-us/messaging,Twilio messaging,"Twilio presents messaging products for SMS, MMS, WhatsApp, conversational messaging, verification, and customer engagement workflows. The page is useful for extracting communication channels and API use cases.",Extract communication channels and API use cases from the page text.
306,8FKX5LSsDW,https://www.atlassian.com/software/jira,Jira project management software,"Atlassian presents Jira as software for planning, tracking, and managing work across software, IT, and business teams. The page is useful for extracting product positioning, target users, and core use cases.","Extract the product name, target users, and main use cases from the page text."
307,MkNSjiXUyd,https://www.datadoghq.com/product/,Datadog products,"Datadog groups products around infrastructure monitoring, logs, APM, security, digital experience, software delivery, and cloud cost management. The page is useful for extracting product families and observability use cases.",Extract product families and observability use cases from the page text.
308,IurEMT5eYW,https://www.twilio.com/en-us/messaging,Twilio messaging,"Twilio presents messaging products for SMS, MMS, WhatsApp, conversational messaging, verification, and customer engagement workflows. The page is useful for extracting communication channels and API use cases.",Extract communication channels and API use cases from the page text.
309,egOCWEn0CC,https://www.hubspot.com/pricing,HubSpot pricing,"HubSpot publishes pricing for its customer platform, including marketing, sales, service, content, operations, and commerce products. The page is useful for extracting product hubs, editions, and pricing structure.","Extract software products, editions, and pricing structure from the page text."
310,T3ELlw0Rn9,https://www.hubspot.com/pricing,HubSpot pricing,"HubSpot publishes pricing for its customer platform, including marketing, sales, service, content, operations, and commerce products. The page is useful for extracting product hubs, editions, and pricing structure.","Extract software products, editions, and pricing structure from the page text."
311,1uZRFNTPiS,https://www.atlassian.com/software/jira,Jira project management software,"Atlassian presents Jira as software for planning, tracking, and managing work across software, IT, and business teams. The page is useful for extracting product positioning, target users, and core use cases.","Extract the product name, target users, and main use cases from the page text."
312,aTKOCmR35m,https://www.cloudflare.com/application-services/,Cloudflare application services,"Cloudflare describes application services for performance, security, DDoS protection, bot management, and traffic acceleration. The page is useful for extracting security capabilities and infrastructure benefits.",Extract security capabilities and infrastructure benefits from the page text.
313,TUsb3CGvml,https://www.twilio.com/en-us/messaging,Twilio messaging,"Twilio presents messaging products for SMS, MMS, WhatsApp, conversational messaging, verification, and customer engagement workflows. The page is useful for extracting communication channels and API use cases.",Extract communication channels and API use cases from the page text.
314,Z0aiHnqJWO,https://www.twilio.com/en-us/messaging,Twilio messaging,"Twilio presents messaging products for SMS, MMS, WhatsApp, conversational messaging, verification, and customer engagement workflows. The page is useful for extracting communication channels and API use cases.",Extract communication channels and API use cases from the page text.
315,pIMZllo4ym,https://stripe.com/pricing,Stripe pricing,"Stripe publishes pricing for online card payments, in-person payments, billing, invoicing, fraud prevention, and other payment products. The page is useful for extracting plan names, transaction fees, and product-specific pricing notes.",Extract product names and pricing signals from the page text.
316,lbbQvAVkkg,https://www.notion.so/product,Notion product,"Notion describes its workspace as a place for docs, wikis, projects, databases, and AI-assisted work. The page is useful for extracting product categories, collaboration features, and workflow examples.",Extract collaboration features and workflow categories from the page text.
317,2KbECSpp1V,https://stripe.com/pricing,Stripe pricing,"Stripe publishes pricing for online card payments, in-person payments, billing, invoicing, fraud prevention, and other payment products. The page is useful for extracting plan names, transaction fees, and product-specific pricing notes.",Extract product names and pricing signals from the page text.
318,4rQAZGVIJF,https://www.atlassian.com/software/jira,Jira project management software,"Atlassian presents Jira as software for planning, tracking, and managing work across software, IT, and business teams. The page is useful for extracting product positioning, target users, and core use cases.","Extract the product name, target users, and main use cases from the page text."
319,2IjSDL8U7r,https://www.atlassian.com/software/jira,Jira project management software,"Atlassian presents Jira as software for planning, tracking, and managing work across software, IT, and business teams. The page is useful for extracting product positioning, target users, and core use cases.","Extract the product name, target users, and main use cases from the page text."
320,25dUGmaedC,https://www.twilio.com/en-us/messaging,Twilio messaging,"Twilio presents messaging products for SMS, MMS, WhatsApp, conversational messaging, verification, and customer engagement workflows. The page is useful for extracting communication channels and API use cases.",Extract communication channels and API use cases from the page text.
321,wPWzxwZMrE,https://www.cloudflare.com/application-services/,Cloudflare application services,"Cloudflare describes application services for performance, security, DDoS protection, bot management, and traffic acceleration. The page is useful for extracting security capabilities and infrastructure benefits.",Extract security capabilities and infrastructure benefits from the page text.
322,l0xn112YdH,https://www.hubspot.com/pricing,HubSpot pricing,"HubSpot publishes pricing for its customer platform, including marketing, sales, service, content, operations, and commerce products. The page is useful for extracting product hubs, editions, and pricing structure.","Extract software products, editions, and pricing structure from the page text."
323,g7Otj9g8CC,https://www.datadoghq.com/product/,Datadog products,"Datadog groups products around infrastructure monitoring, logs, APM, security, digital experience, software delivery, and cloud cost management. The page is useful for extracting product families and observability use cases.",Extract product families and observability use cases from the page text.
324,7O9FEewEvz,https://www.atlassian.com/software/jira,Jira project management software,"Atlassian presents Jira as software for planning, tracking, and managing work across software, IT, and business teams. The page is useful for extracting product positioning, target users, and core use cases.","Extract the product name, target users, and main use cases from the page text."
325,qx6aOnhV8P,https://stripe.com/pricing,Stripe pricing,"Stripe publishes pricing for online card payments, in-person payments, billing, invoicing, fraud prevention, and other payment products. The page is useful for extracting plan names, transaction fees, and product-specific pricing notes.",Extract product names and pricing signals from the page text.
326,GU6bC1wjhV,https://stripe.com/pricing,Stripe pricing,"Stripe publishes pricing for online card payments, in-person payments, billing, invoicing, fraud prevention, and other payment products. The page is useful for extracting plan names, transaction fees, and product-specific pricing notes.",Extract product names and pricing signals from the page text.
327,UZWzLxfrri,https://stripe.com/pricing,Stripe pricing,"Stripe publishes pricing for online card payments, in-person payments, billing, invoicing, fraud prevention, and other payment products. The page is useful for extracting plan names, transaction fees, and product-specific pricing notes.",Extract product names and pricing signals from the page text.
328,cyUEVZ6RZh,https://www.notion.so/product,Notion product,"Notion describes its workspace as a place for docs, wikis, projects, databases, and AI-assisted work. The page is useful for extracting product categories, collaboration features, and workflow examples.",Extract collaboration features and workflow categories from the page text.
329,2KnFwMtGge,https://www.twilio.com/en-us/messaging,Twilio messaging,"Twilio presents messaging products for SMS, MMS, WhatsApp, conversational messaging, verification, and customer engagement workflows. The page is useful for extracting communication channels and API use cases.",Extract communication channels and API use cases from the page text.
330,zvAb7g91qK,https://www.datadoghq.com/product/,Datadog products,"Datadog groups products around infrastructure monitoring, logs, APM, security, digital experience, software delivery, and cloud cost management. The page is useful for extracting product families and observability use cases.",Extract product families and observability use cases from the page text.
331,CGsDUiTAKG,https://www.twilio.com/en-us/messaging,Twilio messaging,"Twilio presents messaging products for SMS, MMS, WhatsApp, conversational messaging, verification, and customer engagement workflows. The page is useful for extracting communication channels and API use cases.",Extract communication channels and API use cases from the page text.
332,WBOh8XaYZ0,https://stripe.com/pricing,Stripe pricing,"Stripe publishes pricing for online card payments, in-person payments, billing, invoicing, fraud prevention, and other payment products. The page is useful for extracting plan names, transaction fees, and product-specific pricing notes.",Extract product names and pricing signals from the page text.
333,5KAR3sz96F,https://www.notion.so/product,Notion product,"Notion describes its workspace as a place for docs, wikis, projects, databases, and AI-assisted work. The page is useful for extracting product categories, collaboration features, and workflow examples.",Extract collaboration features and workflow categories from the page text.
334,qs9X7YoGd0,https://www.cloudflare.com/application-services/,Cloudflare application services,"Cloudflare describes application services for performance, security, DDoS protection, bot management, and traffic acceleration. The page is useful for extracting security capabilities and infrastructure benefits.",Extract security capabilities and infrastructure benefits from the page text.
335,sXbRnCMmL6,https://www.hubspot.com/pricing,HubSpot pricing,"HubSpot publishes pricing for its customer platform, including marketing, sales, service, content, operations, and commerce products. The page is useful for extracting product hubs, editions, and pricing structure.","Extract software products, editions, and pricing structure from the page text."
336,3Vi4q2HSI5,https://stripe.com/pricing,Stripe pricing,"Stripe publishes pricing for online card payments, in-person payments, billing, invoicing, fraud prevention, and other payment products. The page is useful for extracting plan names, transaction fees, and product-specific pricing notes.",Extract product names and pricing signals from the page text.
337,Eo98FLMKG3,https://www.datadoghq.com/product/,Datadog products,"Datadog groups products around infrastructure monitoring, logs, APM, security, digital experience, software delivery, and cloud cost management. The page is useful for extracting product families and observability use cases.",Extract product families and observability use cases from the page text.
338,bs6AgCYViy,https://www.atlassian.com/software/jira,Jira project management software,"Atlassian presents Jira as software for planning, tracking, and managing work across software, IT, and business teams. The page is useful for extracting product positioning, target users, and core use cases.","Extract the product name, target users, and main use cases from the page text."
339,YjyRKIw9jl,https://www.twilio.com/en-us/messaging,Twilio messaging,"Twilio presents messaging products for SMS, MMS, WhatsApp, conversational messaging, verification, and customer engagement workflows. The page is useful for extracting communication channels and API use cases.",Extract communication channels and API use cases from the page text.
340,HvGW442PI1,https://www.cloudflare.com/application-services/,Cloudflare application services,"Cloudflare describes application services for performance, security, DDoS protection, bot management, and traffic acceleration. The page is useful for extracting security capabilities and infrastructure benefits.",Extract security capabilities and infrastructure benefits from the page text.
341,3nUTShgJrY,https://www.twilio.com/en-us/messaging,Twilio messaging,"Twilio presents messaging products for SMS, MMS, WhatsApp, conversational messaging, verification, and customer engagement workflows. The page is useful for extracting communication channels and API use cases.",Extract communication channels and API use cases from the page text.
342,svugmZaQaC,https://www.twilio.com/en-us/messaging,Twilio messaging,"Twilio presents messaging products for SMS, MMS, WhatsApp, conversational messaging, verification, and customer engagement workflows. The page is useful for extracting communication channels and API use cases.",Extract communication channels and API use cases from the page text.
343,P7aI4kK4XW,https://www.notion.so/product,Notion product,"Notion describes its workspace as a place for docs, wikis, projects, databases, and AI-assisted work. The page is useful for extracting product categories, collaboration features, and workflow examples.",Extract collaboration features and workflow categories from the page text.
344,jITF0SmD95,https://www.twilio.com/en-us/messaging,Twilio messaging,"Twilio presents messaging products for SMS, MMS, WhatsApp, conversational messaging, verification, and customer engagement workflows. The page is useful for extracting communication channels and API use cases.",Extract communication channels and API use cases from the page text.
345,cGBJmNwvpx,https://www.datadoghq.com/product/,Datadog products,"Datadog groups products around infrastructure monitoring, logs, APM, security, digital experience, software delivery, and cloud cost management. The page is useful for extracting product families and observability use cases.",Extract product families and observability use cases from the page text.
346,HmFiwgScjl,https://stripe.com/pricing,Stripe pricing,"Stripe publishes pricing for online card payments, in-person payments, billing, invoicing, fraud prevention, and other payment products. The page is useful for extracting plan names, transaction fees, and product-specific pricing notes.",Extract product names and pricing signals from the page text.
347,ZsC4tLIeRQ,https://www.notion.so/product,Notion product,"Notion describes its workspace as a place for docs, wikis, projects, databases, and AI-assisted work. The page is useful for extracting product categories, collaboration features, and workflow examples.",Extract collaboration features and workflow categories from the page text.
348,F4LZg6NNQy,https://www.twilio.com/en-us/messaging,Twilio messaging,"Twilio presents messaging products for SMS, MMS, WhatsApp, conversational messaging, verification, and customer engagement workflows. The page is useful for extracting communication channels and API use cases.",Extract communication channels and API use cases from the page text.
349,N9fsTD5XTo,https://www.datadoghq.com/product/,Datadog products,"Datadog groups products around infrastructure monitoring, logs, APM, security, digital experience, software delivery, and cloud cost management. The page is useful for extracting product families and observability use cases.",Extract product families and observability use cases from the page text.
350,jYvWmgBQC7,https://www.notion.so/product,Notion product,"Notion describes its workspace as a place for docs, wikis, projects, databases, and AI-assisted work. The page is useful for extracting product categories, collaboration features, and workflow examples.",Extract collaboration features and workflow categories from the page text.
351,g3HICipALg,https://www.twilio.com/en-us/messaging,Twilio messaging,"Twilio presents messaging products for SMS, MMS, WhatsApp, conversational messaging, verification, and customer engagement workflows. The page is useful for extracting communication channels and API use cases.",Extract communication channels and API use cases from the page text.
352,79Pj0TpJ6t,https://www.hubspot.com/pricing,HubSpot pricing,"HubSpot publishes pricing for its customer platform, including marketing, sales, service, content, operations, and commerce products. The page is useful for extracting product hubs, editions, and pricing structure.","Extract software products, editions, and pricing structure from the page text."
353,ysvbXU6YkX,https://stripe.com/pricing,Stripe pricing,"Stripe publishes pricing for online card payments, in-person payments, billing, invoicing, fraud prevention, and other payment products. The page is useful for extracting plan names, transaction fees, and product-specific pricing notes.",Extract product names and pricing signals from the page text.
354,lFuw3uNBFa,https://www.notion.so/product,Notion product,"Notion describes its workspace as a place for docs, wikis, projects, databases, and AI-assisted work. The page is useful for extracting product categories, collaboration features, and workflow examples.",Extract collaboration features and workflow categories from the page text.
355,614AzwqcPh,https://www.shopify.com/pricing,Shopify pricing,"Shopify lists commerce plans for merchants that want to sell online, in person, and across channels. The page is useful for comparing plan names, monthly prices, and included commerce features.","Extract plan names, prices, and commerce features from the page text."
356,EaGLzRClv3,https://www.cloudflare.com/application-services/,Cloudflare application services,"Cloudflare describes application services for performance, security, DDoS protection, bot management, and traffic acceleration. The page is useful for extracting security capabilities and infrastructure benefits.",Extract security capabilities and infrastructure benefits from the page text.
357,Gi3DLnfE43,https://www.cloudflare.com/application-services/,Cloudflare application services,"Cloudflare describes application services for performance, security, DDoS protection, bot management, and traffic acceleration. The page is useful for extracting security capabilities and infrastructure benefits.",Extract security capabilities and infrastructure benefits from the page text.
358,ecsNpu5d5l,https://www.datadoghq.com/product/,Datadog products,"Datadog groups products around infrastructure monitoring, logs, APM, security, digital experience, software delivery, and cloud cost management. The page is useful for extracting product families and observability use cases.",Extract product families and observability use cases from the page text.
359,HjXNuDHi0I,https://stripe.com/pricing,Stripe pricing,"Stripe publishes pricing for online card payments, in-person payments, billing, invoicing, fraud prevention, and other payment products. The page is useful for extracting plan names, transaction fees, and product-specific pricing notes.",Extract product names and pricing signals from the page text.
360,YpqSQItxnD,https://www.datadoghq.com/product/,Datadog products,"Datadog groups products around infrastructure monitoring, logs, APM, security, digital experience, software delivery, and cloud cost management. The page is useful for extracting product families and observability use cases.",Extract product families and observability use cases from the page text.
361,KElUepIq6I,https://www.atlassian.com/software/jira,Jira project management software,"Atlassian presents Jira as software for planning, tracking, and managing work across software, IT, and business teams. The page is useful for extracting product positioning, target users, and core use cases.","Extract the product name, target users, and main use cases from the page text."
362,2zNEuHYLg9,https://www.atlassian.com/software/jira,Jira project management software,"Atlassian presents Jira as software for planning, tracking, and managing work across software, IT, and business teams. The page is useful for extracting product positioning, target users, and core use cases.","Extract the product name, target users, and main use cases from the page text."
363,B0rwT7jjTK,https://www.notion.so/product,Notion product,"Notion describes its workspace as a place for docs, wikis, projects, databases, and AI-assisted work. The page is useful for extracting product categories, collaboration features, and workflow examples.",Extract collaboration features and workflow categories from the page text.
364,GYdNWgaiXq,https://www.shopify.com/pricing,Shopify pricing,"Shopify lists commerce plans for merchants that want to sell online, in person, and across channels. The page is useful for comparing plan names, monthly prices, and included commerce features.","Extract plan names, prices, and commerce features from the page text."
365,qe6SB1wsTY,https://www.atlassian.com/software/jira,Jira project management software,"Atlassian presents Jira as software for planning, tracking, and managing work across software, IT, and business teams. The page is useful for extracting product positioning, target users, and core use cases.","Extract the product name, target users, and main use cases from the page text."
366,5gvYw5Uy51,https://stripe.com/pricing,Stripe pricing,"Stripe publishes pricing for online card payments, in-person payments, billing, invoicing, fraud prevention, and other payment products. The page is useful for extracting plan names, transaction fees, and product-specific pricing notes.",Extract product names and pricing signals from the page text.
367,nRdpqeDhyj,https://www.notion.so/product,Notion product,"Notion describes its workspace as a place for docs, wikis, projects, databases, and AI-assisted work. The page is useful for extracting product categories, collaboration features, and workflow examples.",Extract collaboration features and workflow categories from the page text.
368,6Lr1fhaAHI,https://www.twilio.com/en-us/messaging,Twilio messaging,"Twilio presents messaging products for SMS, MMS, WhatsApp, conversational messaging, verification, and customer engagement workflows. The page is useful for extracting communication channels and API use cases.",Extract communication channels and API use cases from the page text.
369,eL56edBZHF,https://stripe.com/pricing,Stripe pricing,"Stripe publishes pricing for online card payments, in-person payments, billing, invoicing, fraud prevention, and other payment products. The page is useful for extracting plan names, transaction fees, and product-specific pricing notes.",Extract product names and pricing signals from the page text.
370,3JaE3U5VuC,https://www.hubspot.com/pricing,HubSpot pricing,"HubSpot publishes pricing for its customer platform, including marketing, sales, service, content, operations, and commerce products. The page is useful for extracting product hubs, editions, and pricing structure.","Extract software products, editions, and pricing structure from the page text."
371,mCXAZCTnFt,https://www.atlassian.com/software/jira,Jira project management software,"Atlassian presents Jira as software for planning, tracking, and managing work across software, IT, and business teams. The page is useful for extracting product positioning, target users, and core use cases.","Extract the product name, target users, and main use cases from the page text."
372,0XTY6iOZNi,https://www.cloudflare.com/application-services/,Cloudflare application services,"Cloudflare describes application services for performance, security, DDoS protection, bot management, and traffic acceleration. The page is useful for extracting security capabilities and infrastructure benefits.",Extract security capabilities and infrastructure benefits from the page text.
373,XfLuVjacQ7,https://www.atlassian.com/software/jira,Jira project management software,"Atlassian presents Jira as software for planning, tracking, and managing work across software, IT, and business teams. The page is useful for extracting product positioning, target users, and core use cases.","Extract the product name, target users, and main use cases from the page text."
374,xMlgBrzYbh,https://stripe.com/pricing,Stripe pricing,"Stripe publishes pricing for online card payments, in-person payments, billing, invoicing, fraud prevention, and other payment products. The page is useful for extracting plan names, transaction fees, and product-specific pricing notes.",Extract product names and pricing signals from the page text.
375,HMd362jycX,https://www.atlassian.com/software/jira,Jira project management software,"Atlassian presents Jira as software for planning, tracking, and managing work across software, IT, and business teams. The page is useful for extracting product positioning, target users, and core use cases.","Extract the product name, target users, and main use cases from the page text."
376,XYTrX9Gzvd,https://www.cloudflare.com/application-services/,Cloudflare application services,"Cloudflare describes application services for performance, security, DDoS protection, bot management, and traffic acceleration. The page is useful for extracting security capabilities and infrastructure benefits.",Extract security capabilities and infrastructure benefits from the page text.
377,ZxxrtMNSzk,https://www.atlassian.com/software/jira,Jira project management software,"Atlassian presents Jira as software for planning, tracking, and managing work across software, IT, and business teams. The page is useful for extracting product positioning, target users, and core use cases.","Extract the product name, target users, and main use cases from the page text."
378,dh65aoIKBH,https://www.datadoghq.com/product/,Datadog products,"Datadog groups products around infrastructure monitoring, logs, APM, security, digital experience, software delivery, and cloud cost management. The page is useful for extracting product families and observability use cases.",Extract product families and observability use cases from the page text.
379,K94A8FfGwu,https://www.hubspot.com/pricing,HubSpot pricing,"HubSpot publishes pricing for its customer platform, including marketing, sales, service, content, operations, and commerce products. The page is useful for extracting product hubs, editions, and pricing structure.","Extract software products, editions, and pricing structure from the page text."
380,Bnh9gQyaG1,https://www.cloudflare.com/application-services/,Cloudflare application services,"Cloudflare describes application services for performance, security, DDoS protection, bot management, and traffic acceleration. The page is useful for extracting security capabilities and infrastructure benefits.",Extract security capabilities and infrastructure benefits from the page text.
381,SHrZoKc3Jm,https://stripe.com/pricing,Stripe pricing,"Stripe publishes pricing for online card payments, in-person payments, billing, invoicing, fraud prevention, and other payment products. The page is useful for extracting plan names, transaction fees, and product-specific pricing notes.",Extract product names and pricing signals from the page text.
382,8uFGCzxd6c,https://www.twilio.com/en-us/messaging,Twilio messaging,"Twilio presents messaging products for SMS, MMS, WhatsApp, conversational messaging, verification, and customer engagement workflows. The page is useful for extracting communication channels and API use cases.",Extract communication channels and API use cases from the page text.
383,GxdoIbRZLL,https://stripe.com/pricing,Stripe pricing,"Stripe publishes pricing for online card payments, in-person payments, billing, invoicing, fraud prevention, and other payment products. The page is useful for extracting plan names, transaction fees, and product-specific pricing notes.",Extract product names and pricing signals from the page text.
384,HTXXBxbU3q,https://www.datadoghq.com/product/,Datadog products,"Datadog groups products around infrastructure monitoring, logs, APM, security, digital experience, software delivery, and cloud cost management. The page is useful for extracting product families and observability use cases.",Extract product families and observability use cases from the page text.
385,j5HbnJ0m5z,https://www.atlassian.com/software/jira,Jira project management software,"Atlassian presents Jira as software for planning, tracking, and managing work across software, IT, and business teams. The page is useful for extracting product positioning, target users, and core use cases.","Extract the product name, target users, and main use cases from the page text."
386,gOTGUNcvAA,https://www.notion.so/product,Notion product,"Notion describes its workspace as a place for docs, wikis, projects, databases, and AI-assisted work. The page is useful for extracting product categories, collaboration features, and workflow examples.",Extract collaboration features and workflow categories from the page text.
387,jr8lpj4rDI,https://www.atlassian.com/software/jira,Jira project management software,"Atlassian presents Jira as software for planning, tracking, and managing work across software, IT, and business teams. The page is useful for extracting product positioning, target users, and core use cases.","Extract the product name, target users, and main use cases from the page text."
388,jPNjEB17oN,https://www.shopify.com/pricing,Shopify pricing,"Shopify lists commerce plans for merchants that want to sell online, in person, and across channels. The page is useful for comparing plan names, monthly prices, and included commerce features.","Extract plan names, prices, and commerce features from the page text."
389,ahTpZz4j7V,https://www.notion.so/product,Notion product,"Notion describes its workspace as a place for docs, wikis, projects, databases, and AI-assisted work. The page is useful for extracting product categories, collaboration features, and workflow examples.",Extract collaboration features and workflow categories from the page text.
390,NaYj8HwDun,https://www.notion.so/product,Notion product,"Notion describes its workspace as a place for docs, wikis, projects, databases, and AI-assisted work. The page is useful for extracting product categories, collaboration features, and workflow examples.",Extract collaboration features and workflow categories from the page text.
391,daxaGOVvTV,https://www.hubspot.com/pricing,HubSpot pricing,"HubSpot publishes pricing for its customer platform, including marketing, sales, service, content, operations, and commerce products. The page is useful for extracting product hubs, editions, and pricing structure.","Extract software products, editions, and pricing structure from the page text."
392,K7e08i2k6J,https://www.cloudflare.com/application-services/,Cloudflare application services,"Cloudflare describes application services for performance, security, DDoS protection, bot management, and traffic acceleration. The page is useful for extracting security capabilities and infrastructure benefits.",Extract security capabilities and infrastructure benefits from the page text.
393,brPCA1Kkkm,https://www.shopify.com/pricing,Shopify pricing,"Shopify lists commerce plans for merchants that want to sell online, in person, and across channels. The page is useful for comparing plan names, monthly prices, and included commerce features.","Extract plan names, prices, and commerce features from the page text."
394,Hd1wwWp4gF,https://www.atlassian.com/software/jira,Jira project management software,"Atlassian presents Jira as software for planning, tracking, and managing work across software, IT, and business teams. The page is useful for extracting product positioning, target users, and core use cases.","Extract the product name, target users, and main use cases from the page text."
395,X2HIpDvW5E,https://www.datadoghq.com/product/,Datadog products,"Datadog groups products around infrastructure monitoring, logs, APM, security, digital experience, software delivery, and cloud cost management. The page is useful for extracting product families and observability use cases.",Extract product families and observability use cases from the page text.
396,AnQBSGaeQx,https://www.hubspot.com/pricing,HubSpot pricing,"HubSpot publishes pricing for its customer platform, including marketing, sales, service, content, operations, and commerce products. The page is useful for extracting product hubs, editions, and pricing structure.","Extract software products, editions, and pricing structure from the page text."
397,jV35Qt1Iq9,https://www.shopify.com/pricing,Shopify pricing,"Shopify lists commerce plans for merchants that want to sell online, in person, and across channels. The page is useful for comparing plan names, monthly prices, and included commerce features.","Extract plan names, prices, and commerce features from the page text."
398,eg57JEzfb0,https://www.notion.so/product,Notion product,"Notion describes its workspace as a place for docs, wikis, projects, databases, and AI-assisted work. The page is useful for extracting product categories, collaboration features, and workflow examples.",Extract collaboration features and workflow categories from the page text.
399,IgoIeM2I7t,https://stripe.com/pricing,Stripe pricing,"Stripe publishes pricing for online card payments, in-person payments, billing, invoicing, fraud prevention, and other payment products. The page is useful for extracting plan names, transaction fees, and product-specific pricing notes.",Extract product names and pricing signals from the page text.
400,pD6V1U7vxu,https://www.notion.so/product,Notion product,"Notion describes its workspace as a place for docs, wikis, projects, databases, and AI-assisted work. The page is useful for extracting product categories, collaboration features, and workflow examples.",Extract collaboration features and workflow categories from the page text.
401,YtvcUmSVb3,https://www.notion.so/product,Notion product,"Notion describes its workspace as a place for docs, wikis, projects, databases, and AI-assisted work. The page is useful for extracting product categories, collaboration features, and workflow examples.",Extract collaboration features and workflow categories from the page text.
402,GF57bpQkPR,https://www.twilio.com/en-us/messaging,Twilio messaging,"Twilio presents messaging products for SMS, MMS, WhatsApp, conversational messaging, verification, and customer engagement workflows. The page is useful for extracting communication channels and API use cases.",Extract communication channels and API use cases from the page text.
403,i14bZJmk0z,https://www.hubspot.com/pricing,HubSpot pricing,"HubSpot publishes pricing for its customer platform, including marketing, sales, service, content, operations, and commerce products. The page is useful for extracting product hubs, editions, and pricing structure.","Extract software products, editions, and pricing structure from the page text."
404,AL3QgUzPY4,https://stripe.com/pricing,Stripe pricing,"Stripe publishes pricing for online card payments, in-person payments, billing, invoicing, fraud prevention, and other payment products. The page is useful for extracting plan names, transaction fees, and product-specific pricing notes.",Extract product names and pricing signals from the page text.
405,AcNKDJ1jbW,https://www.shopify.com/pricing,Shopify pricing,"Shopify lists commerce plans for merchants that want to sell online, in person, and across channels. The page is useful for comparing plan names, monthly prices, and included commerce features.","Extract plan names, prices, and commerce features from the page text."
406,E2DfrfXTBS,https://www.cloudflare.com/application-services/,Cloudflare application services,"Cloudflare describes application services for performance, security, DDoS protection, bot management, and traffic acceleration. The page is useful for extracting security capabilities and infrastructure benefits.",Extract security capabilities and infrastructure benefits from the page text.
407,QSMk67fzTp,https://www.twilio.com/en-us/messaging,Twilio messaging,"Twilio presents messaging products for SMS, MMS, WhatsApp, conversational messaging, verification, and customer engagement workflows. The page is useful for extracting communication channels and API use cases.",Extract communication channels and API use cases from the page text.
408,jza57UcHST,https://www.twilio.com/en-us/messaging,Twilio messaging,"Twilio presents messaging products for SMS, MMS, WhatsApp, conversational messaging, verification, and customer engagement workflows. The page is useful for extracting communication channels and API use cases.",Extract communication channels and API use cases from the page text.
409,mbSjYC7E8H,https://www.atlassian.com/software/jira,Jira project management software,"Atlassian presents Jira as software for planning, tracking, and managing work across software, IT, and business teams. The page is useful for extracting product positioning, target users, and core use cases.","Extract the product name, target users, and main use cases from the page text."
410,gSNtI3oORO,https://www.shopify.com/pricing,Shopify pricing,"Shopify lists commerce plans for merchants that want to sell online, in person, and across channels. The page is useful for comparing plan names, monthly prices, and included commerce features.","Extract plan names, prices, and commerce features from the page text."
411,fVsVadm9eA,https://www.notion.so/product,Notion product,"Notion describes its workspace as a place for docs, wikis, projects, databases, and AI-assisted work. The page is useful for extracting product categories, collaboration features, and workflow examples.",Extract collaboration features and workflow categories from the page text.
412,UzZEfi1U0y,https://www.cloudflare.com/application-services/,Cloudflare application services,"Cloudflare describes application services for performance, security, DDoS protection, bot management, and traffic acceleration. The page is useful for extracting security capabilities and infrastructure benefits.",Extract security capabilities and infrastructure benefits from the page text.
413,gxL8z2mjia,https://www.notion.so/product,Notion product,"Notion describes its workspace as a place for docs, wikis, projects, databases, and AI-assisted work. The page is useful for extracting product categories, collaboration features, and workflow examples.",Extract collaboration features and workflow categories from the page text.
414,IEOHDYFNB8,https://www.twilio.com/en-us/messaging,Twilio messaging,"Twilio presents messaging products for SMS, MMS, WhatsApp, conversational messaging, verification, and customer engagement workflows. The page is useful for extracting communication channels and API use cases.",Extract communication channels and API use cases from the page text.
415,Darvy2TKgR,https://www.shopify.com/pricing,Shopify pricing,"Shopify lists commerce plans for merchants that want to sell online, in person, and across channels. The page is useful for comparing plan names, monthly prices, and included commerce features.","Extract plan names, prices, and commerce features from the page text."
416,IiwkXmYKZ5,https://www.notion.so/product,Notion product,"Notion describes its workspace as a place for docs, wikis, projects, databases, and AI-assisted work. The page is useful for extracting product categories, collaboration features, and workflow examples.",Extract collaboration features and workflow categories from the page text.
417,WFzrj3r8yg,https://www.shopify.com/pricing,Shopify pricing,"Shopify lists commerce plans for merchants that want to sell online, in person, and across channels. The page is useful for comparing plan names, monthly prices, and included commerce features.","Extract plan names, prices, and commerce features from the page text."
418,17LjsuqtZX,https://stripe.com/pricing,Stripe pricing,"Stripe publishes pricing for online card payments, in-person payments, billing, invoicing, fraud prevention, and other payment products. The page is useful for extracting plan names, transaction fees, and product-specific pricing notes.",Extract product names and pricing signals from the page text.
419,vMgDxN1RT4,https://www.hubspot.com/pricing,HubSpot pricing,"HubSpot publishes pricing for its customer platform, including marketing, sales, service, content, operations, and commerce products. The page is useful for extracting product hubs, editions, and pricing structure.","Extract software products, editions, and pricing structure from the page text."
420,K21qQcR0EW,https://www.shopify.com/pricing,Shopify pricing,"Shopify lists commerce plans for merchants that want to sell online, in person, and across channels. The page is useful for comparing plan names, monthly prices, and included commerce features.","Extract plan names, prices, and commerce features from the page text."
421,iRGab2XgEK,https://www.hubspot.com/pricing,HubSpot pricing,"HubSpot publishes pricing for its customer platform, including marketing, sales, service, content, operations, and commerce products. The page is useful for extracting product hubs, editions, and pricing structure.","Extract software products, editions, and pricing structure from the page text."
422,c7bOf04b6k,https://www.twilio.com/en-us/messaging,Twilio messaging,"Twilio presents messaging products for SMS, MMS, WhatsApp, conversational messaging, verification, and customer engagement workflows. The page is useful for extracting communication channels and API use cases.",Extract communication channels and API use cases from the page text.
423,16SmYiXVvC,https://www.atlassian.com/software/jira,Jira project management software,"Atlassian presents Jira as software for planning, tracking, and managing work across software, IT, and business teams. The page is useful for extracting product positioning, target users, and core use cases.","Extract the product name, target users, and main use cases from the page text."
424,YvbAB5xPet,https://www.shopify.com/pricing,Shopify pricing,"Shopify lists commerce plans for merchants that want to sell online, in person, and across channels. The page is useful for comparing plan names, monthly prices, and included commerce features.","Extract plan names, prices, and commerce features from the page text."
425,tNpFs5cNdZ,https://www.cloudflare.com/application-services/,Cloudflare application services,"Cloudflare describes application services for performance, security, DDoS protection, bot management, and traffic acceleration. The page is useful for extracting security capabilities and infrastructure benefits.",Extract security capabilities and infrastructure benefits from the page text.
426,AB7P1wBDPv,https://www.twilio.com/en-us/messaging,Twilio messaging,"Twilio presents messaging products for SMS, MMS, WhatsApp, conversational messaging, verification, and customer engagement workflows. The page is useful for extracting communication channels and API use cases.",Extract communication channels and API use cases from the page text.
427,Dz11eagcUb,https://www.cloudflare.com/application-services/,Cloudflare application services,"Cloudflare describes application services for performance, security, DDoS protection, bot management, and traffic acceleration. The page is useful for extracting security capabilities and infrastructure benefits.",Extract security capabilities and infrastructure benefits from the page text.
428,151t8zK1v1,https://www.twilio.com/en-us/messaging,Twilio messaging,"Twilio presents messaging products for SMS, MMS, WhatsApp, conversational messaging, verification, and customer engagement workflows. The page is useful for extracting communication channels and API use cases.",Extract communication channels and API use cases from the page text.
429,jNFVRtwrQv,https://stripe.com/pricing,Stripe pricing,"Stripe publishes pricing for online card payments, in-person payments, billing, invoicing, fraud prevention, and other payment products. The page is useful for extracting plan names, transaction fees, and product-specific pricing notes.",Extract product names and pricing signals from the page text.
430,kVb9PEBuyw,https://www.atlassian.com/software/jira,Jira project management software,"Atlassian presents Jira as software for planning, tracking, and managing work across software, IT, and business teams. The page is useful for extracting product positioning, target users, and core use cases.","Extract the product name, target users, and main use cases from the page text."
431,jsnjxec8dk,https://www.twilio.com/en-us/messaging,Twilio messaging,"Twilio presents messaging products for SMS, MMS, WhatsApp, conversational messaging, verification, and customer engagement workflows. The page is useful for extracting communication channels and API use cases.",Extract communication channels and API use cases from the page text.
432,XByCZFDefi,https://www.datadoghq.com/product/,Datadog products,"Datadog groups products around infrastructure monitoring, logs, APM, security, digital experience, software delivery, and cloud cost management. The page is useful for extracting product families and observability use cases.",Extract product families and observability use cases from the page text.
433,YZJ7bkxZeM,https://www.cloudflare.com/application-services/,Cloudflare application services,"Cloudflare describes application services for performance, security, DDoS protection, bot management, and traffic acceleration. The page is useful for extracting security capabilities and infrastructure benefits.",Extract security capabilities and infrastructure benefits from the page text.
434,aK1KzI5fvt,https://www.shopify.com/pricing,Shopify pricing,"Shopify lists commerce plans for merchants that want to sell online, in person, and across channels. The page is useful for comparing plan names, monthly prices, and included commerce features.","Extract plan names, prices, and commerce features from the page text."
435,4kN0cEmJKp,https://www.notion.so/product,Notion product,"Notion describes its workspace as a place for docs, wikis, projects, databases, and AI-assisted work. The page is useful for extracting product categories, collaboration features, and workflow examples.",Extract collaboration features and workflow categories from the page text.
436,aT2caM3hF4,https://www.datadoghq.com/product/,Datadog products,"Datadog groups products around infrastructure monitoring, logs, APM, security, digital experience, software delivery, and cloud cost management. The page is useful for extracting product families and observability use cases.",Extract product families and observability use cases from the page text.
437,QsixshvV5m,https://www.notion.so/product,Notion product,"Notion describes its workspace as a place for docs, wikis, projects, databases, and AI-assisted work. The page is useful for extracting product categories, collaboration features, and workflow examples.",Extract collaboration features and workflow categories from the page text.
438,ns1wW046i9,https://www.twilio.com/en-us/messaging,Twilio messaging,"Twilio presents messaging products for SMS, MMS, WhatsApp, conversational messaging, verification, and customer engagement workflows. The page is useful for extracting communication channels and API use cases.",Extract communication channels and API use cases from the page text.
439,IpoGP2DxDG,https://www.shopify.com/pricing,Shopify pricing,"Shopify lists commerce plans for merchants that want to sell online, in person, and across channels. The page is useful for comparing plan names, monthly prices, and included commerce features.","Extract plan names, prices, and commerce features from the page text."
440,p7vg4PADPu,https://www.shopify.com/pricing,Shopify pricing,"Shopify lists commerce plans for merchants that want to sell online, in person, and across channels. The page is useful for comparing plan names, monthly prices, and included commerce features.","Extract plan names, prices, and commerce features from the page text."
441,xIcgwA274i,https://www.hubspot.com/pricing,HubSpot pricing,"HubSpot publishes pricing for its customer platform, including marketing, sales, service, content, operations, and commerce products. The page is useful for extracting product hubs, editions, and pricing structure.","Extract software products, editions, and pricing structure from the page text."
442,FqAotBSuGy,https://www.cloudflare.com/application-services/,Cloudflare application services,"Cloudflare describes application services for performance, security, DDoS protection, bot management, and traffic acceleration. The page is useful for extracting security capabilities and infrastructure benefits.",Extract security capabilities and infrastructure benefits from the page text.
443,0XPd3ATa5a,https://www.cloudflare.com/application-services/,Cloudflare application services,"Cloudflare describes application services for performance, security, DDoS protection, bot management, and traffic acceleration. The page is useful for extracting security capabilities and infrastructure benefits.",Extract security capabilities and infrastructure benefits from the page text.
444,ngvGgOaOli,https://www.datadoghq.com/product/,Datadog products,"Datadog groups products around infrastructure monitoring, logs, APM, security, digital experience, software delivery, and cloud cost management. The page is useful for extracting product families and observability use cases.",Extract product families and observability use cases from the page text.
445,JGS1Wopd3T,https://www.cloudflare.com/application-services/,Cloudflare application services,"Cloudflare describes application services for performance, security, DDoS protection, bot management, and traffic acceleration. The page is useful for extracting security capabilities and infrastructure benefits.",Extract security capabilities and infrastructure benefits from the page text.
446,nLNFdPsL4K,https://stripe.com/pricing,Stripe pricing,"Stripe publishes pricing for online card payments, in-person payments, billing, invoicing, fraud prevention, and other payment products. The page is useful for extracting plan names, transaction fees, and product-specific pricing notes.",Extract product names and pricing signals from the page text.
447,mLMOqTKal6,https://stripe.com/pricing,Stripe pricing,"Stripe publishes pricing for online card payments, in-person payments, billing, invoicing, fraud prevention, and other payment products. The page is useful for extracting plan names, transaction fees, and product-specific pricing notes.",Extract product names and pricing signals from the page text.
448,WbI31uHIwW,https://stripe.com/pricing,Stripe pricing,"Stripe publishes pricing for online card payments, in-person payments, billing, invoicing, fraud prevention, and other payment products. The page is useful for extracting plan names, transaction fees, and product-specific pricing notes.",Extract product names and pricing signals from the page text.
449,FKQDDjIG5L,https://www.cloudflare.com/application-services/,Cloudflare application services,"Cloudflare describes application services for performance, security, DDoS protection, bot management, and traffic acceleration. The page is useful for extracting security capabilities and infrastructure benefits.",Extract security capabilities and infrastructure benefits from the page text.
450,uOf6BfIPik,https://www.datadoghq.com/product/,Datadog products,"Datadog groups products around infrastructure monitoring, logs, APM, security, digital experience, software delivery, and cloud cost management. The page is useful for extracting product families and observability use cases.",Extract product families and observability use cases from the page text.
451,M5QYkjFIRd,https://stripe.com/pricing,Stripe pricing,"Stripe publishes pricing for online card payments, in-person payments, billing, invoicing, fraud prevention, and other payment products. The page is useful for extracting plan names, transaction fees, and product-specific pricing notes.",Extract product names and pricing signals from the page text.
452,335ym3XzOU,https://stripe.com/pricing,Stripe pricing,"Stripe publishes pricing for online card payments, in-person payments, billing, invoicing, fraud prevention, and other payment products. The page is useful for extracting plan names, transaction fees, and product-specific pricing notes.",Extract product names and pricing signals from the page text.
453,jZtILZCdUH,https://www.notion.so/product,Notion product,"Notion describes its workspace as a place for docs, wikis, projects, databases, and AI-assisted work. The page is useful for extracting product categories, collaboration features, and workflow examples.",Extract collaboration features and workflow categories from the page text.
454,6bXu24rkEf,https://www.twilio.com/en-us/messaging,Twilio messaging,"Twilio presents messaging products for SMS, MMS, WhatsApp, conversational messaging, verification, and customer engagement workflows. The page is useful for extracting communication channels and API use cases.",Extract communication channels and API use cases from the page text.
455,e3kncj9hrY,https://www.notion.so/product,Notion product,"Notion describes its workspace as a place for docs, wikis, projects, databases, and AI-assisted work. The page is useful for extracting product categories, collaboration features, and workflow examples.",Extract collaboration features and workflow categories from the page text.
456,txXAWCMAfg,https://www.cloudflare.com/application-services/,Cloudflare application services,"Cloudflare describes application services for performance, security, DDoS protection, bot management, and traffic acceleration. The page is useful for extracting security capabilities and infrastructure benefits.",Extract security capabilities and infrastructure benefits from the page text.
457,j43ASOQORq,https://www.atlassian.com/software/jira,Jira project management software,"Atlassian presents Jira as software for planning, tracking, and managing work across software, IT, and business teams. The page is useful for extracting product positioning, target users, and core use cases.","Extract the product name, target users, and main use cases from the page text."
458,MIemEZlhg9,https://stripe.com/pricing,Stripe pricing,"Stripe publishes pricing for online card payments, in-person payments, billing, invoicing, fraud prevention, and other payment products. The page is useful for extracting plan names, transaction fees, and product-specific pricing notes.",Extract product names and pricing signals from the page text.
459,BxkmGvGlmq,https://www.notion.so/product,Notion product,"Notion describes its workspace as a place for docs, wikis, projects, databases, and AI-assisted work. The page is useful for extracting product categories, collaboration features, and workflow examples.",Extract collaboration features and workflow categories from the page text.
460,racrOZFKFi,https://www.datadoghq.com/product/,Datadog products,"Datadog groups products around infrastructure monitoring, logs, APM, security, digital experience, software delivery, and cloud cost management. The page is useful for extracting product families and observability use cases.",Extract product families and observability use cases from the page text.
461,qIitAdjfLD,https://www.atlassian.com/software/jira,Jira project management software,"Atlassian presents Jira as software for planning, tracking, and managing work across software, IT, and business teams. The page is useful for extracting product positioning, target users, and core use cases.","Extract the product name, target users, and main use cases from the page text."
462,6Gm0PA3oJ5,https://www.datadoghq.com/product/,Datadog products,"Datadog groups products around infrastructure monitoring, logs, APM, security, digital experience, software delivery, and cloud cost management. The page is useful for extracting product families and observability use cases.",Extract product families and observability use cases from the page text.
463,VpPjolUy33,https://www.datadoghq.com/product/,Datadog products,"Datadog groups products around infrastructure monitoring, logs, APM, security, digital experience, software delivery, and cloud cost management. The page is useful for extracting product families and observability use cases.",Extract product families and observability use cases from the page text.
464,fMnPSK32cJ,https://www.notion.so/product,Notion product,"Notion describes its workspace as a place for docs, wikis, projects, databases, and AI-assisted work. The page is useful for extracting product categories, collaboration features, and workflow examples.",Extract collaboration features and workflow categories from the page text.
465,8XoDNMLemg,https://www.twilio.com/en-us/messaging,Twilio messaging,"Twilio presents messaging products for SMS, MMS, WhatsApp, conversational messaging, verification, and customer engagement workflows. The page is useful for extracting communication channels and API use cases.",Extract communication channels and API use cases from the page text.
466,CJJcKZ5rcO,https://www.hubspot.com/pricing,HubSpot pricing,"HubSpot publishes pricing for its customer platform, including marketing, sales, service, content, operations, and commerce products. The page is useful for extracting product hubs, editions, and pricing structure.","Extract software products, editions, and pricing structure from the page text."
467,ZRiwfbBU0w,https://www.hubspot.com/pricing,HubSpot pricing,"HubSpot publishes pricing for its customer platform, including marketing, sales, service, content, operations, and commerce products. The page is useful for extracting product hubs, editions, and pricing structure.","Extract software products, editions, and pricing structure from the page text."
468,ufaX2GJ45S,https://www.hubspot.com/pricing,HubSpot pricing,"HubSpot publishes pricing for its customer platform, including marketing, sales, service, content, operations, and commerce products. The page is useful for extracting product hubs, editions, and pricing structure.","Extract software products, editions, and pricing structure from the page text."
469,Et8cnAPBE4,https://www.cloudflare.com/application-services/,Cloudflare application services,"Cloudflare describes application services for performance, security, DDoS protection, bot management, and traffic acceleration. The page is useful for extracting security capabilities and infrastructure benefits.",Extract security capabilities and infrastructure benefits from the page text.
470,W6kG2yzCrV,https://www.datadoghq.com/product/,Datadog products,"Datadog groups products around infrastructure monitoring, logs, APM, security, digital experience, software delivery, and cloud cost management. The page is useful for extracting product families and observability use cases.",Extract product families and observability use cases from the page text.
471,lLlQ7nucXf,https://www.cloudflare.com/application-services/,Cloudflare application services,"Cloudflare describes application services for performance, security, DDoS protection, bot management, and traffic acceleration. The page is useful for extracting security capabilities and infrastructure benefits.",Extract security capabilities and infrastructure benefits from the page text.
472,3Roj8A5Mk5,https://www.notion.so/product,Notion product,"Notion describes its workspace as a place for docs, wikis, projects, databases, and AI-assisted work. The page is useful for extracting product categories, collaboration features, and workflow examples.",Extract collaboration features and workflow categories from the page text.
473,1hd0x2qzIS,https://stripe.com/pricing,Stripe pricing,"Stripe publishes pricing for online card payments, in-person payments, billing, invoicing, fraud prevention, and other payment products. The page is useful for extracting plan names, transaction fees, and product-specific pricing notes.",Extract product names and pricing signals from the page text.
474,DnJ46vBcrM,https://www.twilio.com/en-us/messaging,Twilio messaging,"Twilio presents messaging products for SMS, MMS, WhatsApp, conversational messaging, verification, and customer engagement workflows. The page is useful for extracting communication channels and API use cases.",Extract communication channels and API use cases from the page text.
475,lf2RQlsxpV,https://www.datadoghq.com/product/,Datadog products,"Datadog groups products around infrastructure monitoring, logs, APM, security, digital experience, software delivery, and cloud cost management. The page is useful for extracting product families and observability use cases.",Extract product families and observability use cases from the page text.
476,OGE7nwDZ5G,https://www.cloudflare.com/application-services/,Cloudflare application services,"Cloudflare describes application services for performance, security, DDoS protection, bot management, and traffic acceleration. The page is useful for extracting security capabilities and infrastructure benefits.",Extract security capabilities and infrastructure benefits from the page text.
477,f8S7eIAVVo,https://stripe.com/pricing,Stripe pricing,"Stripe publishes pricing for online card payments, in-person payments, billing, invoicing, fraud prevention, and other payment products. The page is useful for extracting plan names, transaction fees, and product-specific pricing notes.",Extract product names and pricing signals from the page text.
478,FFl9UDnJAQ,https://www.hubspot.com/pricing,HubSpot pricing,"HubSpot publishes pricing for its customer platform, including marketing, sales, service, content, operations, and commerce products. The page is useful for extracting product hubs, editions, and pricing structure.","Extract software products, editions, and pricing structure from the page text."
479,TiQJjJj7Zi,https://www.cloudflare.com/application-services/,Cloudflare application services,"Cloudflare describes application services for performance, security, DDoS protection, bot management, and traffic acceleration. The page is useful for extracting security capabilities and infrastructure benefits.",Extract security capabilities and infrastructure benefits from the page text.
480,Fx1qpIRc4I,https://www.hubspot.com/pricing,HubSpot pricing,"HubSpot publishes pricing for its customer platform, including marketing, sales, service, content, operations, and commerce products. The page is useful for extracting product hubs, editions, and pricing structure.","Extract software products, editions, and pricing structure from the page text."
481,iwTJuTKKGf,https://www.twilio.com/en-us/messaging,Twilio messaging,"Twilio presents messaging products for SMS, MMS, WhatsApp, conversational messaging, verification, and customer engagement workflows. The page is useful for extracting communication channels and API use cases.",Extract communication channels and API use cases from the page text.
482,IDUW9kqIxR,https://www.twilio.com/en-us/messaging,Twilio messaging,"Twilio presents messaging products for SMS, MMS, WhatsApp, conversational messaging, verification, and customer engagement workflows. The page is useful for extracting communication channels and API use cases.",Extract communication channels and API use cases from the page text.
483,unPx3UhsXn,https://www.atlassian.com/software/jira,Jira project management software,"Atlassian presents Jira as software for planning, tracking, and managing work across software, IT, and business teams. The page is useful for extracting product positioning, target users, and core use cases.","Extract the product name, target users, and main use cases from the page text."
484,ICGX5pQivk,https://www.datadoghq.com/product/,Datadog products,"Datadog groups products around infrastructure monitoring, logs, APM, security, digital experience, software delivery, and cloud cost management. The page is useful for extracting product families and observability use cases.",Extract product families and observability use cases from the page text.
485,GtXYn6bMbN,https://www.twilio.com/en-us/messaging,Twilio messaging,"Twilio presents messaging products for SMS, MMS, WhatsApp, conversational messaging, verification, and customer engagement workflows. The page is useful for extracting communication channels and API use cases.",Extract communication channels and API use cases from the page text.
486,7fwScEihVp,https://www.datadoghq.com/product/,Datadog products,"Datadog groups products around infrastructure monitoring, logs, APM, security, digital experience, software delivery, and cloud cost management. The page is useful for extracting product families and observability use cases.",Extract product families and observability use cases from the page text.
487,zDR4Di9Sqd,https://www.hubspot.com/pricing,HubSpot pricing,"HubSpot publishes pricing for its customer platform, including marketing, sales, service, content, operations, and commerce products. The page is useful for extracting product hubs, editions, and pricing structure.","Extract software products, editions, and pricing structure from the page text."
488,3SfvgQYOIL,https://www.notion.so/product,Notion product,"Notion describes its workspace as a place for docs, wikis, projects, databases, and AI-assisted work. The page is useful for extracting product categories, collaboration features, and workflow examples.",Extract collaboration features and workflow categories from the page text.
489,3zipxxc9ds,https://www.cloudflare.com/application-services/,Cloudflare application services,"Cloudflare describes application services for performance, security, DDoS protection, bot management, and traffic acceleration. The page is useful for extracting security capabilities and infrastructure benefits.",Extract security capabilities and infrastructure benefits from the page text.
490,tCRmtpDBHZ,https://www.atlassian.com/software/jira,Jira project management software,"Atlassian presents Jira as software for planning, tracking, and managing work across software, IT, and business teams. The page is useful for extracting product positioning, target users, and core use cases.","Extract the product name, target users, and main use cases from the page text."
491,NzvOpRm2XD,https://stripe.com/pricing,Stripe pricing,"Stripe publishes pricing for online card payments, in-person payments, billing, invoicing, fraud prevention, and other payment products. The page is useful for extracting plan names, transaction fees, and product-specific pricing notes.",Extract product names and pricing signals from the page text.
492,4qluzFBgca,https://www.atlassian.com/software/jira,Jira project management software,"Atlassian presents Jira as software for planning, tracking, and managing work across software, IT, and business teams. The page is useful for extracting product positioning, target users, and core use cases.","Extract the product name, target users, and main use cases from the page text."
493,wOVFte92Le,https://stripe.com/pricing,Stripe pricing,"Stripe publishes pricing for online card payments, in-person payments, billing, invoicing, fraud prevention, and other payment products. The page is useful for extracting plan names, transaction fees, and product-specific pricing notes.",Extract product names and pricing signals from the page text.
494,2BIT3pRIsP,https://www.atlassian.com/software/jira,Jira project management software,"Atlassian presents Jira as software for planning, tracking, and managing work across software, IT, and business teams. The page is useful for extracting product positioning, target users, and core use cases.","Extract the product name, target users, and main use cases from the page text."
495,HeSKiTTyCf,https://www.datadoghq.com/product/,Datadog products,"Datadog groups products around infrastructure monitoring, logs, APM, security, digital experience, software delivery, and cloud cost management. The page is useful for extracting product families and observability use cases.",Extract product families and observability use cases from the page text.
496,R0p2S5SHLr,https://www.hubspot.com/pricing,HubSpot pricing,"HubSpot publishes pricing for its customer platform, including marketing, sales, service, content, operations, and commerce products. The page is useful for extracting product hubs, editions, and pricing structure.","Extract software products, editions, and pricing structure from the page text."
497,Md7xm37Wu4,https://www.shopify.com/pricing,Shopify pricing,"Shopify lists commerce plans for merchants that want to sell online, in person, and across channels. The page is useful for comparing plan names, monthly prices, and included commerce features.","Extract plan names, prices, and commerce features from the page text."
498,vLkVkuKE8R,https://www.notion.so/product,Notion product,"Notion describes its workspace as a place for docs, wikis, projects, databases, and AI-assisted work. The page is useful for extracting product categories, collaboration features, and workflow examples.",Extract collaboration features and workflow categories from the page text.
499,cbLvd3FZhK,https://www.twilio.com/en-us/messaging,Twilio messaging,"Twilio presents messaging products for SMS, MMS, WhatsApp, conversational messaging, verification, and customer engagement workflows. The page is useful for extracting communication channels and API use cases.",Extract communication channels and API use cases from the page text.
500,rpich5Ra4P,https://www.shopify.com/pricing,Shopify pricing,"Shopify lists commerce plans for merchants that want to sell online, in person, and across channels. The page is useful for comparing plan names, monthly prices, and included commerce features.","Extract plan names, prices, and commerce features from the page text."
501,RDPClE4RqK,https://www.twilio.com/en-us/messaging,Twilio messaging,"Twilio presents messaging products for SMS, MMS, WhatsApp, conversational messaging, verification, and customer engagement workflows. The page is useful for extracting communication channels and API use cases.",Extract communication channels and API use cases from the page text.
502,VmtLd7m6Z4,https://www.cloudflare.com/application-services/,Cloudflare application services,"Cloudflare describes application services for performance, security, DDoS protection, bot management, and traffic acceleration. The page is useful for extracting security capabilities and infrastructure benefits.",Extract security capabilities and infrastructure benefits from the page text.
503,WPu2fp57MR,https://www.shopify.com/pricing,Shopify pricing,"Shopify lists commerce plans for merchants that want to sell online, in person, and across channels. The page is useful for comparing plan names, monthly prices, and included commerce features.","Extract plan names, prices, and commerce features from the page text."
504,VLm1nAZVka,https://www.twilio.com/en-us/messaging,Twilio messaging,"Twilio presents messaging products for SMS, MMS, WhatsApp, conversational messaging, verification, and customer engagement workflows. The page is useful for extracting communication channels and API use cases.",Extract communication channels and API use cases from the page text.
505,IEYidbL63c,https://www.cloudflare.com/application-services/,Cloudflare application services,"Cloudflare describes application services for performance, security, DDoS protection, bot management, and traffic acceleration. The page is useful for extracting security capabilities and infrastructure benefits.",Extract security capabilities and infrastructure benefits from the page text.
506,CcwxpfIx9b,https://stripe.com/pricing,Stripe pricing,"Stripe publishes pricing for online card payments, in-person payments, billing, invoicing, fraud prevention, and other payment products. The page is useful for extracting plan names, transaction fees, and product-specific pricing notes.",Extract product names and pricing signals from the page text.
507,Jl3pgxcHVO,https://www.datadoghq.com/product/,Datadog products,"Datadog groups products around infrastructure monitoring, logs, APM, security, digital experience, software delivery, and cloud cost management. The page is useful for extracting product families and observability use cases.",Extract product families and observability use cases from the page text.
508,KYPMnSh3er,https://www.twilio.com/en-us/messaging,Twilio messaging,"Twilio presents messaging products for SMS, MMS, WhatsApp, conversational messaging, verification, and customer engagement workflows. The page is useful for extracting communication channels and API use cases.",Extract communication channels and API use cases from the page text.
509,6LFzTOdJ6U,https://www.atlassian.com/software/jira,Jira project management software,"Atlassian presents Jira as software for planning, tracking, and managing work across software, IT, and business teams. The page is useful for extracting product positioning, target users, and core use cases.","Extract the product name, target users, and main use cases from the page text."
510,Po2e420Bnw,https://stripe.com/pricing,Stripe pricing,"Stripe publishes pricing for online card payments, in-person payments, billing, invoicing, fraud prevention, and other payment products. The page is useful for extracting plan names, transaction fees, and product-specific pricing notes.",Extract product names and pricing signals from the page text.
511,hKq59RswM0,https://stripe.com/pricing,Stripe pricing,"Stripe publishes pricing for online card payments, in-person payments, billing, invoicing, fraud prevention, and other payment products. The page is useful for extracting plan names, transaction fees, and product-specific pricing notes.",Extract product names and pricing signals from the page text.
512,BXzzhA7gzU,https://stripe.com/pricing,Stripe pricing,"Stripe publishes pricing for online card payments, in-person payments, billing, invoicing, fraud prevention, and other payment products. The page is useful for extracting plan names, transaction fees, and product-specific pricing notes.",Extract product names and pricing signals from the page text.
513,fAgJvkvDFh,https://www.twilio.com/en-us/messaging,Twilio messaging,"Twilio presents messaging products for SMS, MMS, WhatsApp, conversational messaging, verification, and customer engagement workflows. The page is useful for extracting communication channels and API use cases.",Extract communication channels and API use cases from the page text.
514,N5TrpyAdRa,https://www.cloudflare.com/application-services/,Cloudflare application services,"Cloudflare describes application services for performance, security, DDoS protection, bot management, and traffic acceleration. The page is useful for extracting security capabilities and infrastructure benefits.",Extract security capabilities and infrastructure benefits from the page text.
515,1CZdaUrAhx,https://www.notion.so/product,Notion product,"Notion describes its workspace as a place for docs, wikis, projects, databases, and AI-assisted work. The page is useful for extracting product categories, collaboration features, and workflow examples.",Extract collaboration features and workflow categories from the page text.
516,71yapTu58e,https://www.atlassian.com/software/jira,Jira project management software,"Atlassian presents Jira as software for planning, tracking, and managing work across software, IT, and business teams. The page is useful for extracting product positioning, target users, and core use cases.","Extract the product name, target users, and main use cases from the page text."
517,o7NLZZdDQQ,https://www.datadoghq.com/product/,Datadog products,"Datadog groups products around infrastructure monitoring, logs, APM, security, digital experience, software delivery, and cloud cost management. The page is useful for extracting product families and observability use cases.",Extract product families and observability use cases from the page text.
518,rieGrCpyEc,https://stripe.com/pricing,Stripe pricing,"Stripe publishes pricing for online card payments, in-person payments, billing, invoicing, fraud prevention, and other payment products. The page is useful for extracting plan names, transaction fees, and product-specific pricing notes.",Extract product names and pricing signals from the page text.
519,yPfgxZZOo5,https://www.notion.so/product,Notion product,"Notion describes its workspace as a place for docs, wikis, projects, databases, and AI-assisted work. The page is useful for extracting product categories, collaboration features, and workflow examples.",Extract collaboration features and workflow categories from the page text.
520,uBtfExjvzz,https://www.cloudflare.com/application-services/,Cloudflare application services,"Cloudflare describes application services for performance, security, DDoS protection, bot management, and traffic acceleration. The page is useful for extracting security capabilities and infrastructure benefits.",Extract security capabilities and infrastructure benefits from the page text.
521,Ctj6SQUXwa,https://www.atlassian.com/software/jira,Jira project management software,"Atlassian presents Jira as software for planning, tracking, and managing work across software, IT, and business teams. The page is useful for extracting product positioning, target users, and core use cases.","Extract the product name, target users, and main use cases from the page text."
522,jH3gKWmsaW,https://www.atlassian.com/software/jira,Jira project management software,"Atlassian presents Jira as software for planning, tracking, and managing work across software, IT, and business teams. The page is useful for extracting product positioning, target users, and core use cases.","Extract the product name, target users, and main use cases from the page text."
523,VPsFVnzOYR,https://www.twilio.com/en-us/messaging,Twilio messaging,"Twilio presents messaging products for SMS, MMS, WhatsApp, conversational messaging, verification, and customer engagement workflows. The page is useful for extracting communication channels and API use cases.",Extract communication channels and API use cases from the page text.
524,JH4Q63Rdli,https://stripe.com/pricing,Stripe pricing,"Stripe publishes pricing for online card payments, in-person payments, billing, invoicing, fraud prevention, and other payment products. The page is useful for extracting plan names, transaction fees, and product-specific pricing notes.",Extract product names and pricing signals from the page text.
525,AuTW26B77M,https://www.hubspot.com/pricing,HubSpot pricing,"HubSpot publishes pricing for its customer platform, including marketing, sales, service, content, operations, and commerce products. The page is useful for extracting product hubs, editions, and pricing structure.","Extract software products, editions, and pricing structure from the page text."
526,dDhQxVjS1F,https://www.hubspot.com/pricing,HubSpot pricing,"HubSpot publishes pricing for its customer platform, including marketing, sales, service, content, operations, and commerce products. The page is useful for extracting product hubs, editions, and pricing structure.","Extract software products, editions, and pricing structure from the page text."
527,DuLLbgroGj,https://www.datadoghq.com/product/,Datadog products,"Datadog groups products around infrastructure monitoring, logs, APM, security, digital experience, software delivery, and cloud cost management. The page is useful for extracting product families and observability use cases.",Extract product families and observability use cases from the page text.
528,3Wxb7WoaJT,https://www.atlassian.com/software/jira,Jira project management software,"Atlassian presents Jira as software for planning, tracking, and managing work across software, IT, and business teams. The page is useful for extracting product positioning, target users, and core use cases.","Extract the product name, target users, and main use cases from the page text."
529,6snRrAu2qI,https://www.cloudflare.com/application-services/,Cloudflare application services,"Cloudflare describes application services for performance, security, DDoS protection, bot management, and traffic acceleration. The page is useful for extracting security capabilities and infrastructure benefits.",Extract security capabilities and infrastructure benefits from the page text.
530,oxENn5EDhD,https://www.hubspot.com/pricing,HubSpot pricing,"HubSpot publishes pricing for its customer platform, including marketing, sales, service, content, operations, and commerce products. The page is useful for extracting product hubs, editions, and pricing structure.","Extract software products, editions, and pricing structure from the page text."
531,3osxP8z626,https://www.notion.so/product,Notion product,"Notion describes its workspace as a place for docs, wikis, projects, databases, and AI-assisted work. The page is useful for extracting product categories, collaboration features, and workflow examples.",Extract collaboration features and workflow categories from the page text.
532,u4PLdPKgZo,https://www.cloudflare.com/application-services/,Cloudflare application services,"Cloudflare describes application services for performance, security, DDoS protection, bot management, and traffic acceleration. The page is useful for extracting security capabilities and infrastructure benefits.",Extract security capabilities and infrastructure benefits from the page text.
533,y7qIiVRKk3,https://www.notion.so/product,Notion product,"Notion describes its workspace as a place for docs, wikis, projects, databases, and AI-assisted work. The page is useful for extracting product categories, collaboration features, and workflow examples.",Extract collaboration features and workflow categories from the page text.
534,WVpogKJiWl,https://www.cloudflare.com/application-services/,Cloudflare application services,"Cloudflare describes application services for performance, security, DDoS protection, bot management, and traffic acceleration. The page is useful for extracting security capabilities and infrastructure benefits.",Extract security capabilities and infrastructure benefits from the page text.
535,yHugdeS5E5,https://www.twilio.com/en-us/messaging,Twilio messaging,"Twilio presents messaging products for SMS, MMS, WhatsApp, conversational messaging, verification, and customer engagement workflows. The page is useful for extracting communication channels and API use cases.",Extract communication channels and API use cases from the page text.
536,mLRYSBiLGv,https://www.notion.so/product,Notion product,"Notion describes its workspace as a place for docs, wikis, projects, databases, and AI-assisted work. The page is useful for extracting product categories, collaboration features, and workflow examples.",Extract collaboration features and workflow categories from the page text.
537,dfOnHePXXw,https://www.datadoghq.com/product/,Datadog products,"Datadog groups products around infrastructure monitoring, logs, APM, security, digital experience, software delivery, and cloud cost management. The page is useful for extracting product families and observability use cases.",Extract product families and observability use cases from the page text.
538,lr2PWcd4rl,https://stripe.com/pricing,Stripe pricing,"Stripe publishes pricing for online card payments, in-person payments, billing, invoicing, fraud prevention, and other payment products. The page is useful for extracting plan names, transaction fees, and product-specific pricing notes.",Extract product names and pricing signals from the page text.
539,PHqJE9yihh,https://www.atlassian.com/software/jira,Jira project management software,"Atlassian presents Jira as software for planning, tracking, and managing work across software, IT, and business teams. The page is useful for extracting product positioning, target users, and core use cases.","Extract the product name, target users, and main use cases from the page text."
540,hKB7MdfJXp,https://www.datadoghq.com/product/,Datadog products,"Datadog groups products around infrastructure monitoring, logs, APM, security, digital experience, software delivery, and cloud cost management. The page is useful for extracting product families and observability use cases.",Extract product families and observability use cases from the page text.
541,nJ8eem5LoU,https://www.datadoghq.com/product/,Datadog products,"Datadog groups products around infrastructure monitoring, logs, APM, security, digital experience, software delivery, and cloud cost management. The page is useful for extracting product families and observability use cases.",Extract product families and observability use cases from the page text.
542,c8hHO1EDk8,https://stripe.com/pricing,Stripe pricing,"Stripe publishes pricing for online card payments, in-person payments, billing, invoicing, fraud prevention, and other payment products. The page is useful for extracting plan names, transaction fees, and product-specific pricing notes.",Extract product names and pricing signals from the page text.
543,W7diEk446H,https://stripe.com/pricing,Stripe pricing,"Stripe publishes pricing for online card payments, in-person payments, billing, invoicing, fraud prevention, and other payment products. The page is useful for extracting plan names, transaction fees, and product-specific pricing notes.",Extract product names and pricing signals from the page text.
544,oPJWFrTu1E,https://www.atlassian.com/software/jira,Jira project management software,"Atlassian presents Jira as software for planning, tracking, and managing work across software, IT, and business teams. The page is useful for extracting product positioning, target users, and core use cases.","Extract the product name, target users, and main use cases from the page text."
545,X6oiG8WZ48,https://stripe.com/pricing,Stripe pricing,"Stripe publishes pricing for online card payments, in-person payments, billing, invoicing, fraud prevention, and other payment products. The page is useful for extracting plan names, transaction fees, and product-specific pricing notes.",Extract product names and pricing signals from the page text.
546,fQB5Y3QkOY,https://www.twilio.com/en-us/messaging,Twilio messaging,"Twilio presents messaging products for SMS, MMS, WhatsApp, conversational messaging, verification, and customer engagement workflows. The page is useful for extracting communication channels and API use cases.",Extract communication channels and API use cases from the page text.
547,ZkEpwBFXjM,https://www.hubspot.com/pricing,HubSpot pricing,"HubSpot publishes pricing for its customer platform, including marketing, sales, service, content, operations, and commerce products. The page is useful for extracting product hubs, editions, and pricing structure.","Extract software products, editions, and pricing structure from the page text."
548,2bwLvDpAMB,https://stripe.com/pricing,Stripe pricing,"Stripe publishes pricing for online card payments, in-person payments, billing, invoicing, fraud prevention, and other payment products. The page is useful for extracting plan names, transaction fees, and product-specific pricing notes.",Extract product names and pricing signals from the page text.
549,ak3BZ2qRwz,https://www.shopify.com/pricing,Shopify pricing,"Shopify lists commerce plans for merchants that want to sell online, in person, and across channels. The page is useful for comparing plan names, monthly prices, and included commerce features.","Extract plan names, prices, and commerce features from the page text."
550,aEfv2dhyM3,https://stripe.com/pricing,Stripe pricing,"Stripe publishes pricing for online card payments, in-person payments, billing, invoicing, fraud prevention, and other payment products. The page is useful for extracting plan names, transaction fees, and product-specific pricing notes.",Extract product names and pricing signals from the page text.
551,q3HeZwn9dh,https://www.cloudflare.com/application-services/,Cloudflare application services,"Cloudflare describes application services for performance, security, DDoS protection, bot management, and traffic acceleration. The page is useful for extracting security capabilities and infrastructure benefits.",Extract security capabilities and infrastructure benefits from the page text.
552,fAPpOvhCLC,https://www.notion.so/product,Notion product,"Notion describes its workspace as a place for docs, wikis, projects, databases, and AI-assisted work. The page is useful for extracting product categories, collaboration features, and workflow examples.",Extract collaboration features and workflow categories from the page text.
553,uXd8YTHOyj,https://www.twilio.com/en-us/messaging,Twilio messaging,"Twilio presents messaging products for SMS, MMS, WhatsApp, conversational messaging, verification, and customer engagement workflows. The page is useful for extracting communication channels and API use cases.",Extract communication channels and API use cases from the page text.
554,IB980m5sn4,https://www.datadoghq.com/product/,Datadog products,"Datadog groups products around infrastructure monitoring, logs, APM, security, digital experience, software delivery, and cloud cost management. The page is useful for extracting product families and observability use cases.",Extract product families and observability use cases from the page text.
555,G3z75ld1n3,https://www.twilio.com/en-us/messaging,Twilio messaging,"Twilio presents messaging products for SMS, MMS, WhatsApp, conversational messaging, verification, and customer engagement workflows. The page is useful for extracting communication channels and API use cases.",Extract communication channels and API use cases from the page text.
556,5Z4QmJ5KYM,https://www.cloudflare.com/application-services/,Cloudflare application services,"Cloudflare describes application services for performance, security, DDoS protection, bot management, and traffic acceleration. The page is useful for extracting security capabilities and infrastructure benefits.",Extract security capabilities and infrastructure benefits from the page text.
557,hCY6qplG8X,https://www.twilio.com/en-us/messaging,Twilio messaging,"Twilio presents messaging products for SMS, MMS, WhatsApp, conversational messaging, verification, and customer engagement workflows. The page is useful for extracting communication channels and API use cases.",Extract communication channels and API use cases from the page text.
558,piNmSL5pLC,https://www.shopify.com/pricing,Shopify pricing,"Shopify lists commerce plans for merchants that want to sell online, in person, and across channels. The page is useful for comparing plan names, monthly prices, and included commerce features.","Extract plan names, prices, and commerce features from the page text."
559,gmP9sk6hG5,https://www.twilio.com/en-us/messaging,Twilio messaging,"Twilio presents messaging products for SMS, MMS, WhatsApp, conversational messaging, verification, and customer engagement workflows. The page is useful for extracting communication channels and API use cases.",Extract communication channels and API use cases from the page text.
560,6k8kRn53f5,https://www.notion.so/product,Notion product,"Notion describes its workspace as a place for docs, wikis, projects, databases, and AI-assisted work. The page is useful for extracting product categories, collaboration features, and workflow examples.",Extract collaboration features and workflow categories from the page text.
561,5PHQNFVNtF,https://www.atlassian.com/software/jira,Jira project management software,"Atlassian presents Jira as software for planning, tracking, and managing work across software, IT, and business teams. The page is useful for extracting product positioning, target users, and core use cases.","Extract the product name, target users, and main use cases from the page text."
562,XMywm80xlH,https://www.twilio.com/en-us/messaging,Twilio messaging,"Twilio presents messaging products for SMS, MMS, WhatsApp, conversational messaging, verification, and customer engagement workflows. The page is useful for extracting communication channels and API use cases.",Extract communication channels and API use cases from the page text.
563,TbLEatQABS,https://www.atlassian.com/software/jira,Jira project management software,"Atlassian presents Jira as software for planning, tracking, and managing work across software, IT, and business teams. The page is useful for extracting product positioning, target users, and core use cases.","Extract the product name, target users, and main use cases from the page text."
564,ZYXbIdUOHP,https://stripe.com/pricing,Stripe pricing,"Stripe publishes pricing for online card payments, in-person payments, billing, invoicing, fraud prevention, and other payment products. The page is useful for extracting plan names, transaction fees, and product-specific pricing notes.",Extract product names and pricing signals from the page text.
565,O82n3IPBFJ,https://www.datadoghq.com/product/,Datadog products,"Datadog groups products around infrastructure monitoring, logs, APM, security, digital experience, software delivery, and cloud cost management. The page is useful for extracting product families and observability use cases.",Extract product families and observability use cases from the page text.
566,1EUdm7m2FY,https://www.notion.so/product,Notion product,"Notion describes its workspace as a place for docs, wikis, projects, databases, and AI-assisted work. The page is useful for extracting product categories, collaboration features, and workflow examples.",Extract collaboration features and workflow categories from the page text.
567,zig8ZGFv5y,https://www.datadoghq.com/product/,Datadog products,"Datadog groups products around infrastructure monitoring, logs, APM, security, digital experience, software delivery, and cloud cost management. The page is useful for extracting product families and observability use cases.",Extract product families and observability use cases from the page text.
568,v6LEF3y0Dd,https://www.twilio.com/en-us/messaging,Twilio messaging,"Twilio presents messaging products for SMS, MMS, WhatsApp, conversational messaging, verification, and customer engagement workflows. The page is useful for extracting communication channels and API use cases.",Extract communication channels and API use cases from the page text.
569,YkUk8Gfm9V,https://stripe.com/pricing,Stripe pricing,"Stripe publishes pricing for online card payments, in-person payments, billing, invoicing, fraud prevention, and other payment products. The page is useful for extracting plan names, transaction fees, and product-specific pricing notes.",Extract product names and pricing signals from the page text.
570,TF6fvcPfat,https://www.notion.so/product,Notion product,"Notion describes its workspace as a place for docs, wikis, projects, databases, and AI-assisted work. The page is useful for extracting product categories, collaboration features, and workflow examples.",Extract collaboration features and workflow categories from the page text.
571,fLquHeJ1g4,https://www.cloudflare.com/application-services/,Cloudflare application services,"Cloudflare describes application services for performance, security, DDoS protection, bot management, and traffic acceleration. The page is useful for extracting security capabilities and infrastructure benefits.",Extract security capabilities and infrastructure benefits from the page text.
572,EHDVYQGlE2,https://www.cloudflare.com/application-services/,Cloudflare application services,"Cloudflare describes application services for performance, security, DDoS protection, bot management, and traffic acceleration. The page is useful for extracting security capabilities and infrastructure benefits.",Extract security capabilities and infrastructure benefits from the page text.
573,WmlZ6HFQh2,https://www.atlassian.com/software/jira,Jira project management software,"Atlassian presents Jira as software for planning, tracking, and managing work across software, IT, and business teams. The page is useful for extracting product positioning, target users, and core use cases.","Extract the product name, target users, and main use cases from the page text."
574,Nc3bpRFU4B,https://www.cloudflare.com/application-services/,Cloudflare application services,"Cloudflare describes application services for performance, security, DDoS protection, bot management, and traffic acceleration. The page is useful for extracting security capabilities and infrastructure benefits.",Extract security capabilities and infrastructure benefits from the page text.
575,A3mCP9KTCg,https://www.cloudflare.com/application-services/,Cloudflare application services,"Cloudflare describes application services for performance, security, DDoS protection, bot management, and traffic acceleration. The page is useful for extracting security capabilities and infrastructure benefits.",Extract security capabilities and infrastructure benefits from the page text.
576,8QONUvdPYZ,https://www.twilio.com/en-us/messaging,Twilio messaging,"Twilio presents messaging products for SMS, MMS, WhatsApp, conversational messaging, verification, and customer engagement workflows. The page is useful for extracting communication channels and API use cases.",Extract communication channels and API use cases from the page text.
577,CrgxjRKUGH,https://www.hubspot.com/pricing,HubSpot pricing,"HubSpot publishes pricing for its customer platform, including marketing, sales, service, content, operations, and commerce products. The page is useful for extracting product hubs, editions, and pricing structure.","Extract software products, editions, and pricing structure from the page text."
578,R3QkjDxc9G,https://www.twilio.com/en-us/messaging,Twilio messaging,"Twilio presents messaging products for SMS, MMS, WhatsApp, conversational messaging, verification, and customer engagement workflows. The page is useful for extracting communication channels and API use cases.",Extract communication channels and API use cases from the page text.
579,AbhViP0MWy,https://www.datadoghq.com/product/,Datadog products,"Datadog groups products around infrastructure monitoring, logs, APM, security, digital experience, software delivery, and cloud cost management. The page is useful for extracting product families and observability use cases.",Extract product families and observability use cases from the page text.
580,EKPmxUZJnr,https://www.shopify.com/pricing,Shopify pricing,"Shopify lists commerce plans for merchants that want to sell online, in person, and across channels. The page is useful for comparing plan names, monthly prices, and included commerce features.","Extract plan names, prices, and commerce features from the page text."
581,GJQcbgl52h,https://www.hubspot.com/pricing,HubSpot pricing,"HubSpot publishes pricing for its customer platform, including marketing, sales, service, content, operations, and commerce products. The page is useful for extracting product hubs, editions, and pricing structure.","Extract software products, editions, and pricing structure from the page text."
582,1WyHNjHWFH,https://www.twilio.com/en-us/messaging,Twilio messaging,"Twilio presents messaging products for SMS, MMS, WhatsApp, conversational messaging, verification, and customer engagement workflows. The page is useful for extracting communication channels and API use cases.",Extract communication channels and API use cases from the page text.
583,uRLYErCnpX,https://www.hubspot.com/pricing,HubSpot pricing,"HubSpot publishes pricing for its customer platform, including marketing, sales, service, content, operations, and commerce products. The page is useful for extracting product hubs, editions, and pricing structure.","Extract software products, editions, and pricing structure from the page text."
584,7YfvFnRlpg,https://www.twilio.com/en-us/messaging,Twilio messaging,"Twilio presents messaging products for SMS, MMS, WhatsApp, conversational messaging, verification, and customer engagement workflows. The page is useful for extracting communication channels and API use cases.",Extract communication channels and API use cases from the page text.
585,O4OAYEwLmU,https://www.datadoghq.com/product/,Datadog products,"Datadog groups products around infrastructure monitoring, logs, APM, security, digital experience, software delivery, and cloud cost management. The page is useful for extracting product families and observability use cases.",Extract product families and observability use cases from the page text.
586,87ZvTCBJJ4,https://www.datadoghq.com/product/,Datadog products,"Datadog groups products around infrastructure monitoring, logs, APM, security, digital experience, software delivery, and cloud cost management. The page is useful for extracting product families and observability use cases.",Extract product families and observability use cases from the page text.
587,AB6Dbg5cqv,https://www.notion.so/product,Notion product,"Notion describes its workspace as a place for docs, wikis, projects, databases, and AI-assisted work. The page is useful for extracting product categories, collaboration features, and workflow examples.",Extract collaboration features and workflow categories from the page text.
588,UaVbJ78QuN,https://www.datadoghq.com/product/,Datadog products,"Datadog groups products around infrastructure monitoring, logs, APM, security, digital experience, software delivery, and cloud cost management. The page is useful for extracting product families and observability use cases.",Extract product families and observability use cases from the page text.
589,Q0ERcB3CDm,https://www.shopify.com/pricing,Shopify pricing,"Shopify lists commerce plans for merchants that want to sell online, in person, and across channels. The page is useful for comparing plan names, monthly prices, and included commerce features.","Extract plan names, prices, and commerce features from the page text."
590,XztcHtzagf,https://www.notion.so/product,Notion product,"Notion describes its workspace as a place for docs, wikis, projects, databases, and AI-assisted work. The page is useful for extracting product categories, collaboration features, and workflow examples.",Extract collaboration features and workflow categories from the page text.
591,H8oY2Z142Q,https://www.notion.so/product,Notion product,"Notion describes its workspace as a place for docs, wikis, projects, databases, and AI-assisted work. The page is useful for extracting product categories, collaboration features, and workflow examples.",Extract collaboration features and workflow categories from the page text.
592,tDvbtSgvBP,https://www.twilio.com/en-us/messaging,Twilio messaging,"Twilio presents messaging products for SMS, MMS, WhatsApp, conversational messaging, verification, and customer engagement workflows. The page is useful for extracting communication channels and API use cases.",Extract communication channels and API use cases from the page text.
593,uaJZYNnf7A,https://www.datadoghq.com/product/,Datadog products,"Datadog groups products around infrastructure monitoring, logs, APM, security, digital experience, software delivery, and cloud cost management. The page is useful for extracting product families and observability use cases.",Extract product families and observability use cases from the page text.
594,Ox8KMGyAzE,https://www.hubspot.com/pricing,HubSpot pricing,"HubSpot publishes pricing for its customer platform, including marketing, sales, service, content, operations, and commerce products. The page is useful for extracting product hubs, editions, and pricing structure.","Extract software products, editions, and pricing structure from the page text."
595,sXCDMrXBqI,https://www.shopify.com/pricing,Shopify pricing,"Shopify lists commerce plans for merchants that want to sell online, in person, and across channels. The page is useful for comparing plan names, monthly prices, and included commerce features.","Extract plan names, prices, and commerce features from the page text."
596,E6fJIp1isO,https://www.twilio.com/en-us/messaging,Twilio messaging,"Twilio presents messaging products for SMS, MMS, WhatsApp, conversational messaging, verification, and customer engagement workflows. The page is useful for extracting communication channels and API use cases.",Extract communication channels and API use cases from the page text.
597,ynpJRPMjH3,https://www.shopify.com/pricing,Shopify pricing,"Shopify lists commerce plans for merchants that want to sell online, in person, and across channels. The page is useful for comparing plan names, monthly prices, and included commerce features.","Extract plan names, prices, and commerce features from the page text."
598,1EfswmsnQo,https://www.hubspot.com/pricing,HubSpot pricing,"HubSpot publishes pricing for its customer platform, including marketing, sales, service, content, operations, and commerce products. The page is useful for extracting product hubs, editions, and pricing structure.","Extract software products, editions, and pricing structure from the page text."
599,coPYgGQxGw,https://stripe.com/pricing,Stripe pricing,"Stripe publishes pricing for online card payments, in-person payments, billing, invoicing, fraud prevention, and other payment products. The page is useful for extracting plan names, transaction fees, and product-specific pricing notes.",Extract product names and pricing signals from the page text.
600,hbRPA4lU5x,https://www.shopify.com/pricing,Shopify pricing,"Shopify lists commerce plans for merchants that want to sell online, in person, and across channels. The page is useful for comparing plan names, monthly prices, and included commerce features.","Extract plan names, prices, and commerce features from the page text."
601,u1t17MuCqq,https://www.twilio.com/en-us/messaging,Twilio messaging,"Twilio presents messaging products for SMS, MMS, WhatsApp, conversational messaging, verification, and customer engagement workflows. The page is useful for extracting communication channels and API use cases.",Extract communication channels and API use cases from the page text.
602,0B5GyMlL6R,https://www.hubspot.com/pricing,HubSpot pricing,"HubSpot publishes pricing for its customer platform, including marketing, sales, service, content, operations, and commerce products. The page is useful for extracting product hubs, editions, and pricing structure.","Extract software products, editions, and pricing structure from the page text."
603,Z2KMIRVzPZ,https://stripe.com/pricing,Stripe pricing,"Stripe publishes pricing for online card payments, in-person payments, billing, invoicing, fraud prevention, and other payment products. The page is useful for extracting plan names, transaction fees, and product-specific pricing notes.",Extract product names and pricing signals from the page text.
604,02r5OQMWl9,https://www.notion.so/product,Notion product,"Notion describes its workspace as a place for docs, wikis, projects, databases, and AI-assisted work. The page is useful for extracting product categories, collaboration features, and workflow examples.",Extract collaboration features and workflow categories from the page text.
605,hH1d6j2SmF,https://www.cloudflare.com/application-services/,Cloudflare application services,"Cloudflare describes application services for performance, security, DDoS protection, bot management, and traffic acceleration. The page is useful for extracting security capabilities and infrastructure benefits.",Extract security capabilities and infrastructure benefits from the page text.
606,nlI84dFY3f,https://stripe.com/pricing,Stripe pricing,"Stripe publishes pricing for online card payments, in-person payments, billing, invoicing, fraud prevention, and other payment products. The page is useful for extracting plan names, transaction fees, and product-specific pricing notes.",Extract product names and pricing signals from the page text.
607,Cq5W1hCyTn,https://www.shopify.com/pricing,Shopify pricing,"Shopify lists commerce plans for merchants that want to sell online, in person, and across channels. The page is useful for comparing plan names, monthly prices, and included commerce features.","Extract plan names, prices, and commerce features from the page text."
608,dbMxfVljpf,https://www.twilio.com/en-us/messaging,Twilio messaging,"Twilio presents messaging products for SMS, MMS, WhatsApp, conversational messaging, verification, and customer engagement workflows. The page is useful for extracting communication channels and API use cases.",Extract communication channels and API use cases from the page text.
609,MINtjznRRz,https://www.notion.so/product,Notion product,"Notion describes its workspace as a place for docs, wikis, projects, databases, and AI-assisted work. The page is useful for extracting product categories, collaboration features, and workflow examples.",Extract collaboration features and workflow categories from the page text.
610,6JSWQhq89T,https://stripe.com/pricing,Stripe pricing,"Stripe publishes pricing for online card payments, in-person payments, billing, invoicing, fraud prevention, and other payment products. The page is useful for extracting plan names, transaction fees, and product-specific pricing notes.",Extract product names and pricing signals from the page text.
611,q2kw0zK2Qj,https://www.atlassian.com/software/jira,Jira project management software,"Atlassian presents Jira as software for planning, tracking, and managing work across software, IT, and business teams. The page is useful for extracting product positioning, target users, and core use cases.","Extract the product name, target users, and main use cases from the page text."
612,jRyIRKhrtB,https://www.hubspot.com/pricing,HubSpot pricing,"HubSpot publishes pricing for its customer platform, including marketing, sales, service, content, operations, and commerce products. The page is useful for extracting product hubs, editions, and pricing structure.","Extract software products, editions, and pricing structure from the page text."
613,ctDSG4CU2J,https://www.hubspot.com/pricing,HubSpot pricing,"HubSpot publishes pricing for its customer platform, including marketing, sales, service, content, operations, and commerce products. The page is useful for extracting product hubs, editions, and pricing structure.","Extract software products, editions, and pricing structure from the page text."
614,X87R4GNTJe,https://www.cloudflare.com/application-services/,Cloudflare application services,"Cloudflare describes application services for performance, security, DDoS protection, bot management, and traffic acceleration. The page is useful for extracting security capabilities and infrastructure benefits.",Extract security capabilities and infrastructure benefits from the page text.
615,gorrH0ewsb,https://www.cloudflare.com/application-services/,Cloudflare application services,"Cloudflare describes application services for performance, security, DDoS protection, bot management, and traffic acceleration. The page is useful for extracting security capabilities and infrastructure benefits.",Extract security capabilities and infrastructure benefits from the page text.
616,1OFnZUxJuR,https://www.hubspot.com/pricing,HubSpot pricing,"HubSpot publishes pricing for its customer platform, including marketing, sales, service, content, operations, and commerce products. The page is useful for extracting product hubs, editions, and pricing structure.","Extract software products, editions, and pricing structure from the page text."
617,tcOZwhfOuF,https://www.shopify.com/pricing,Shopify pricing,"Shopify lists commerce plans for merchants that want to sell online, in person, and across channels. The page is useful for comparing plan names, monthly prices, and included commerce features.","Extract plan names, prices, and commerce features from the page text."
618,8TAUS8p34I,https://www.datadoghq.com/product/,Datadog products,"Datadog groups products around infrastructure monitoring, logs, APM, security, digital experience, software delivery, and cloud cost management. The page is useful for extracting product families and observability use cases.",Extract product families and observability use cases from the page text.
619,GZde7rUGf3,https://www.twilio.com/en-us/messaging,Twilio messaging,"Twilio presents messaging products for SMS, MMS, WhatsApp, conversational messaging, verification, and customer engagement workflows. The page is useful for extracting communication channels and API use cases.",Extract communication channels and API use cases from the page text.
620,S9RJHR5I52,https://www.twilio.com/en-us/messaging,Twilio messaging,"Twilio presents messaging products for SMS, MMS, WhatsApp, conversational messaging, verification, and customer engagement workflows. The page is useful for extracting communication channels and API use cases.",Extract communication channels and API use cases from the page text.
621,Mlm6ZQqeRW,https://www.datadoghq.com/product/,Datadog products,"Datadog groups products around infrastructure monitoring, logs, APM, security, digital experience, software delivery, and cloud cost management. The page is useful for extracting product families and observability use cases.",Extract product families and observability use cases from the page text.
622,fZ0LIyEGvf,https://www.shopify.com/pricing,Shopify pricing,"Shopify lists commerce plans for merchants that want to sell online, in person, and across channels. The page is useful for comparing plan names, monthly prices, and included commerce features.","Extract plan names, prices, and commerce features from the page text."
623,CuXMCPzma1,https://stripe.com/pricing,Stripe pricing,"Stripe publishes pricing for online card payments, in-person payments, billing, invoicing, fraud prevention, and other payment products. The page is useful for extracting plan names, transaction fees, and product-specific pricing notes.",Extract product names and pricing signals from the page text.
624,5D1IF0YbaQ,https://www.atlassian.com/software/jira,Jira project management software,"Atlassian presents Jira as software for planning, tracking, and managing work across software, IT, and business teams. The page is useful for extracting product positioning, target users, and core use cases.","Extract the product name, target users, and main use cases from the page text."
625,1uPTLl1M84,https://www.notion.so/product,Notion product,"Notion describes its workspace as a place for docs, wikis, projects, databases, and AI-assisted work. The page is useful for extracting product categories, collaboration features, and workflow examples.",Extract collaboration features and workflow categories from the page text.
626,Eb8vmsfNQp,https://www.twilio.com/en-us/messaging,Twilio messaging,"Twilio presents messaging products for SMS, MMS, WhatsApp, conversational messaging, verification, and customer engagement workflows. The page is useful for extracting communication channels and API use cases.",Extract communication channels and API use cases from the page text.
627,AQ07vpql1S,https://www.atlassian.com/software/jira,Jira project management software,"Atlassian presents Jira as software for planning, tracking, and managing work across software, IT, and business teams. The page is useful for extracting product positioning, target users, and core use cases.","Extract the product name, target users, and main use cases from the page text."
628,STrAI7PUKD,https://www.atlassian.com/software/jira,Jira project management software,"Atlassian presents Jira as software for planning, tracking, and managing work across software, IT, and business teams. The page is useful for extracting product positioning, target users, and core use cases.","Extract the product name, target users, and main use cases from the page text."
629,wwGXaAY6op,https://www.atlassian.com/software/jira,Jira project management software,"Atlassian presents Jira as software for planning, tracking, and managing work across software, IT, and business teams. The page is useful for extracting product positioning, target users, and core use cases.","Extract the product name, target users, and main use cases from the page text."
630,39yXnON5fD,https://www.shopify.com/pricing,Shopify pricing,"Shopify lists commerce plans for merchants that want to sell online, in person, and across channels. The page is useful for comparing plan names, monthly prices, and included commerce features.","Extract plan names, prices, and commerce features from the page text."
631,Q25U0jDRL9,https://www.datadoghq.com/product/,Datadog products,"Datadog groups products around infrastructure monitoring, logs, APM, security, digital experience, software delivery, and cloud cost management. The page is useful for extracting product families and observability use cases.",Extract product families and observability use cases from the page text.
632,rYQkhubrrb,https://www.atlassian.com/software/jira,Jira project management software,"Atlassian presents Jira as software for planning, tracking, and managing work across software, IT, and business teams. The page is useful for extracting product positioning, target users, and core use cases.","Extract the product name, target users, and main use cases from the page text."
633,gkNbuBq1m2,https://stripe.com/pricing,Stripe pricing,"Stripe publishes pricing for online card payments, in-person payments, billing, invoicing, fraud prevention, and other payment products. The page is useful for extracting plan names, transaction fees, and product-specific pricing notes.",Extract product names and pricing signals from the page text.
634,1ZFp6PRJwl,https://www.atlassian.com/software/jira,Jira project management software,"Atlassian presents Jira as software for planning, tracking, and managing work across software, IT, and business teams. The page is useful for extracting product positioning, target users, and core use cases.","Extract the product name, target users, and main use cases from the page text."
635,eAKVW8DRIK,https://www.atlassian.com/software/jira,Jira project management software,"Atlassian presents Jira as software for planning, tracking, and managing work across software, IT, and business teams. The page is useful for extracting product positioning, target users, and core use cases.","Extract the product name, target users, and main use cases from the page text."
636,z4Va8TVEor,https://www.shopify.com/pricing,Shopify pricing,"Shopify lists commerce plans for merchants that want to sell online, in person, and across channels. The page is useful for comparing plan names, monthly prices, and included commerce features.","Extract plan names, prices, and commerce features from the page text."
637,NiTx20Q9BT,https://www.notion.so/product,Notion product,"Notion describes its workspace as a place for docs, wikis, projects, databases, and AI-assisted work. The page is useful for extracting product categories, collaboration features, and workflow examples.",Extract collaboration features and workflow categories from the page text.
638,nwklNIF24g,https://www.notion.so/product,Notion product,"Notion describes its workspace as a place for docs, wikis, projects, databases, and AI-assisted work. The page is useful for extracting product categories, collaboration features, and workflow examples.",Extract collaboration features and workflow categories from the page text.
639,mYt2ax5WnH,https://www.hubspot.com/pricing,HubSpot pricing,"HubSpot publishes pricing for its customer platform, including marketing, sales, service, content, operations, and commerce products. The page is useful for extracting product hubs, editions, and pricing structure.","Extract software products, editions, and pricing structure from the page text."
640,rmI1VUtE28,https://www.notion.so/product,Notion product,"Notion describes its workspace as a place for docs, wikis, projects, databases, and AI-assisted work. The page is useful for extracting product categories, collaboration features, and workflow examples.",Extract collaboration features and workflow categories from the page text.
641,AJZthTFg1V,https://www.atlassian.com/software/jira,Jira project management software,"Atlassian presents Jira as software for planning, tracking, and managing work across software, IT, and business teams. The page is useful for extracting product positioning, target users, and core use cases.","Extract the product name, target users, and main use cases from the page text."
642,eQwmlOEUBJ,https://www.hubspot.com/pricing,HubSpot pricing,"HubSpot publishes pricing for its customer platform, including marketing, sales, service, content, operations, and commerce products. The page is useful for extracting product hubs, editions, and pricing structure.","Extract software products, editions, and pricing structure from the page text."
643,fwcfNAf35l,https://www.cloudflare.com/application-services/,Cloudflare application services,"Cloudflare describes application services for performance, security, DDoS protection, bot management, and traffic acceleration. The page is useful for extracting security capabilities and infrastructure benefits.",Extract security capabilities and infrastructure benefits from the page text.
644,22lLrbPhE8,https://www.hubspot.com/pricing,HubSpot pricing,"HubSpot publishes pricing for its customer platform, including marketing, sales, service, content, operations, and commerce products. The page is useful for extracting product hubs, editions, and pricing structure.","Extract software products, editions, and pricing structure from the page text."
645,jtXEBLde1s,https://stripe.com/pricing,Stripe pricing,"Stripe publishes pricing for online card payments, in-person payments, billing, invoicing, fraud prevention, and other payment products. The page is useful for extracting plan names, transaction fees, and product-specific pricing notes.",Extract product names and pricing signals from the page text.
646,PND7k9UL7Y,https://www.twilio.com/en-us/messaging,Twilio messaging,"Twilio presents messaging products for SMS, MMS, WhatsApp, conversational messaging, verification, and customer engagement workflows. The page is useful for extracting communication channels and API use cases.",Extract communication channels and API use cases from the page text.
647,RHrzsS1vda,https://www.cloudflare.com/application-services/,Cloudflare application services,"Cloudflare describes application services for performance, security, DDoS protection, bot management, and traffic acceleration. The page is useful for extracting security capabilities and infrastructure benefits.",Extract security capabilities and infrastructure benefits from the page text.
648,pWDKb1rQAp,https://www.atlassian.com/software/jira,Jira project management software,"Atlassian presents Jira as software for planning, tracking, and managing work across software, IT, and business teams. The page is useful for extracting product positioning, target users, and core use cases.","Extract the product name, target users, and main use cases from the page text."
649,S8mAYhFGog,https://www.notion.so/product,Notion product,"Notion describes its workspace as a place for docs, wikis, projects, databases, and AI-assisted work. The page is useful for extracting product categories, collaboration features, and workflow examples.",Extract collaboration features and workflow categories from the page text.
650,ZbJ3Bnk483,https://www.notion.so/product,Notion product,"Notion describes its workspace as a place for docs, wikis, projects, databases, and AI-assisted work. The page is useful for extracting product categories, collaboration features, and workflow examples.",Extract collaboration features and workflow categories from the page text.
651,KCo2iZf8fg,https://www.shopify.com/pricing,Shopify pricing,"Shopify lists commerce plans for merchants that want to sell online, in person, and across channels. The page is useful for comparing plan names, monthly prices, and included commerce features.","Extract plan names, prices, and commerce features from the page text."
652,788x9tM1ua,https://www.notion.so/product,Notion product,"Notion describes its workspace as a place for docs, wikis, projects, databases, and AI-assisted work. The page is useful for extracting product categories, collaboration features, and workflow examples.",Extract collaboration features and workflow categories from the page text.
653,ogmzUUWjcn,https://www.atlassian.com/software/jira,Jira project management software,"Atlassian presents Jira as software for planning, tracking, and managing work across software, IT, and business teams. The page is useful for extracting product positioning, target users, and core use cases.","Extract the product name, target users, and main use cases from the page text."
654,TIVGHbJJd0,https://www.datadoghq.com/product/,Datadog products,"Datadog groups products around infrastructure monitoring, logs, APM, security, digital experience, software delivery, and cloud cost management. The page is useful for extracting product families and observability use cases.",Extract product families and observability use cases from the page text.
655,LmyTzoN9V7,https://www.twilio.com/en-us/messaging,Twilio messaging,"Twilio presents messaging products for SMS, MMS, WhatsApp, conversational messaging, verification, and customer engagement workflows. The page is useful for extracting communication channels and API use cases.",Extract communication channels and API use cases from the page text.
656,ONy42FBEeO,https://www.cloudflare.com/application-services/,Cloudflare application services,"Cloudflare describes application services for performance, security, DDoS protection, bot management, and traffic acceleration. The page is useful for extracting security capabilities and infrastructure benefits.",Extract security capabilities and infrastructure benefits from the page text.
657,uY8lKzpFXM,https://www.datadoghq.com/product/,Datadog products,"Datadog groups products around infrastructure monitoring, logs, APM, security, digital experience, software delivery, and cloud cost management. The page is useful for extracting product families and observability use cases.",Extract product families and observability use cases from the page text.
658,RfndolvzVf,https://www.cloudflare.com/application-services/,Cloudflare application services,"Cloudflare describes application services for performance, security, DDoS protection, bot management, and traffic acceleration. The page is useful for extracting security capabilities and infrastructure benefits.",Extract security capabilities and infrastructure benefits from the page text.
659,HjloZG0Sek,https://www.datadoghq.com/product/,Datadog products,"Datadog groups products around infrastructure monitoring, logs, APM, security, digital experience, software delivery, and cloud cost management. The page is useful for extracting product families and observability use cases.",Extract product families and observability use cases from the page text.
660,t08Vdu1BAc,https://www.atlassian.com/software/jira,Jira project management software,"Atlassian presents Jira as software for planning, tracking, and managing work across software, IT, and business teams. The page is useful for extracting product positioning, target users, and core use cases.","Extract the product name, target users, and main use cases from the page text."
661,fKMuiOiE3I,https://www.twilio.com/en-us/messaging,Twilio messaging,"Twilio presents messaging products for SMS, MMS, WhatsApp, conversational messaging, verification, and customer engagement workflows. The page is useful for extracting communication channels and API use cases.",Extract communication channels and API use cases from the page text.
662,rCR6HyDCMV,https://www.atlassian.com/software/jira,Jira project management software,"Atlassian presents Jira as software for planning, tracking, and managing work across software, IT, and business teams. The page is useful for extracting product positioning, target users, and core use cases.","Extract the product name, target users, and main use cases from the page text."
663,I39ndRA7U9,https://www.cloudflare.com/application-services/,Cloudflare application services,"Cloudflare describes application services for performance, security, DDoS protection, bot management, and traffic acceleration. The page is useful for extracting security capabilities and infrastructure benefits.",Extract security capabilities and infrastructure benefits from the page text.
664,A0QqWyj1CU,https://www.twilio.com/en-us/messaging,Twilio messaging,"Twilio presents messaging products for SMS, MMS, WhatsApp, conversational messaging, verification, and customer engagement workflows. The page is useful for extracting communication channels and API use cases.",Extract communication channels and API use cases from the page text.
665,jw5Foy21G0,https://www.cloudflare.com/application-services/,Cloudflare application services,"Cloudflare describes application services for performance, security, DDoS protection, bot management, and traffic acceleration. The page is useful for extracting security capabilities and infrastructure benefits.",Extract security capabilities and infrastructure benefits from the page text.
666,UX3xyPIkLI,https://www.cloudflare.com/application-services/,Cloudflare application services,"Cloudflare describes application services for performance, security, DDoS protection, bot management, and traffic acceleration. The page is useful for extracting security capabilities and infrastructure benefits.",Extract security capabilities and infrastructure benefits from the page text.
667,fXMTTz6aQW,https://www.twilio.com/en-us/messaging,Twilio messaging,"Twilio presents messaging products for SMS, MMS, WhatsApp, conversational messaging, verification, and customer engagement workflows. The page is useful for extracting communication channels and API use cases.",Extract communication channels and API use cases from the page text.
668,BtV6q2p3LM,https://www.datadoghq.com/product/,Datadog products,"Datadog groups products around infrastructure monitoring, logs, APM, security, digital experience, software delivery, and cloud cost management. The page is useful for extracting product families and observability use cases.",Extract product families and observability use cases from the page text.
669,33zDLDLYWH,https://www.atlassian.com/software/jira,Jira project management software,"Atlassian presents Jira as software for planning, tracking, and managing work across software, IT, and business teams. The page is useful for extracting product positioning, target users, and core use cases.","Extract the product name, target users, and main use cases from the page text."
670,1Zh9MlWCww,https://www.hubspot.com/pricing,HubSpot pricing,"HubSpot publishes pricing for its customer platform, including marketing, sales, service, content, operations, and commerce products. The page is useful for extracting product hubs, editions, and pricing structure.","Extract software products, editions, and pricing structure from the page text."
671,lbfaC4co0l,https://stripe.com/pricing,Stripe pricing,"Stripe publishes pricing for online card payments, in-person payments, billing, invoicing, fraud prevention, and other payment products. The page is useful for extracting plan names, transaction fees, and product-specific pricing notes.",Extract product names and pricing signals from the page text.
672,uJrFPQiP8v,https://www.atlassian.com/software/jira,Jira project management software,"Atlassian presents Jira as software for planning, tracking, and managing work across software, IT, and business teams. The page is useful for extracting product positioning, target users, and core use cases.","Extract the product name, target users, and main use cases from the page text."
673,GNUuFyk04K,https://www.datadoghq.com/product/,Datadog products,"Datadog groups products around infrastructure monitoring, logs, APM, security, digital experience, software delivery, and cloud cost management. The page is useful for extracting product families and observability use cases.",Extract product families and observability use cases from the page text.
674,6MrEiXeJLx,https://stripe.com/pricing,Stripe pricing,"Stripe publishes pricing for online card payments, in-person payments, billing, invoicing, fraud prevention, and other payment products. The page is useful for extracting plan names, transaction fees, and product-specific pricing notes.",Extract product names and pricing signals from the page text.
675,4pU3j7J3PP,https://www.atlassian.com/software/jira,Jira project management software,"Atlassian presents Jira as software for planning, tracking, and managing work across software, IT, and business teams. The page is useful for extracting product positioning, target users, and core use cases.","Extract the product name, target users, and main use cases from the page text."
676,tmoiSCrJzL,https://www.cloudflare.com/application-services/,Cloudflare application services,"Cloudflare describes application services for performance, security, DDoS protection, bot management, and traffic acceleration. The page is useful for extracting security capabilities and infrastructure benefits.",Extract security capabilities and infrastructure benefits from the page text.
677,7avuzZY0wj,https://www.cloudflare.com/application-services/,Cloudflare application services,"Cloudflare describes application services for performance, security, DDoS protection, bot management, and traffic acceleration. The page is useful for extracting security capabilities and infrastructure benefits.",Extract security capabilities and infrastructure benefits from the page text.
678,Z3ODaUAnKa,https://www.datadoghq.com/product/,Datadog products,"Datadog groups products around infrastructure monitoring, logs, APM, security, digital experience, software delivery, and cloud cost management. The page is useful for extracting product families and observability use cases.",Extract product families and observability use cases from the page text.
679,EfRjVV64Ap,https://www.twilio.com/en-us/messaging,Twilio messaging,"Twilio presents messaging products for SMS, MMS, WhatsApp, conversational messaging, verification, and customer engagement workflows. The page is useful for extracting communication channels and API use cases.",Extract communication channels and API use cases from the page text.
680,OGRzNB0Js0,https://stripe.com/pricing,Stripe pricing,"Stripe publishes pricing for online card payments, in-person payments, billing, invoicing, fraud prevention, and other payment products. The page is useful for extracting plan names, transaction fees, and product-specific pricing notes.",Extract product names and pricing signals from the page text.
681,leg9TLGZoG,https://www.cloudflare.com/application-services/,Cloudflare application services,"Cloudflare describes application services for performance, security, DDoS protection, bot management, and traffic acceleration. The page is useful for extracting security capabilities and infrastructure benefits.",Extract security capabilities and infrastructure benefits from the page text.
682,10H4Pb3soV,https://www.notion.so/product,Notion product,"Notion describes its workspace as a place for docs, wikis, projects, databases, and AI-assisted work. The page is useful for extracting product categories, collaboration features, and workflow examples.",Extract collaboration features and workflow categories from the page text.
683,zNCkGr47xb,https://www.cloudflare.com/application-services/,Cloudflare application services,"Cloudflare describes application services for performance, security, DDoS protection, bot management, and traffic acceleration. The page is useful for extracting security capabilities and infrastructure benefits.",Extract security capabilities and infrastructure benefits from the page text.
684,wko2qYek4k,https://www.twilio.com/en-us/messaging,Twilio messaging,"Twilio presents messaging products for SMS, MMS, WhatsApp, conversational messaging, verification, and customer engagement workflows. The page is useful for extracting communication channels and API use cases.",Extract communication channels and API use cases from the page text.
685,kkbzS1IzGI,https://www.notion.so/product,Notion product,"Notion describes its workspace as a place for docs, wikis, projects, databases, and AI-assisted work. The page is useful for extracting product categories, collaboration features, and workflow examples.",Extract collaboration features and workflow categories from the page text.
686,K39uKOBB7X,https://www.atlassian.com/software/jira,Jira project management software,"Atlassian presents Jira as software for planning, tracking, and managing work across software, IT, and business teams. The page is useful for extracting product positioning, target users, and core use cases.","Extract the product name, target users, and main use cases from the page text."
687,VbqFsYAPYw,https://www.twilio.com/en-us/messaging,Twilio messaging,"Twilio presents messaging products for SMS, MMS, WhatsApp, conversational messaging, verification, and customer engagement workflows. The page is useful for extracting communication channels and API use cases.",Extract communication channels and API use cases from the page text.
688,ZTkOqYvfQ0,https://www.notion.so/product,Notion product,"Notion describes its workspace as a place for docs, wikis, projects, databases, and AI-assisted work. The page is useful for extracting product categories, collaboration features, and workflow examples.",Extract collaboration features and workflow categories from the page text.
689,9ZzW5by3Ao,https://www.datadoghq.com/product/,Datadog products,"Datadog groups products around infrastructure monitoring, logs, APM, security, digital experience, software delivery, and cloud cost management. The page is useful for extracting product families and observability use cases.",Extract product families and observability use cases from the page text.
690,DrIrPBxfGB,https://www.datadoghq.com/product/,Datadog products,"Datadog groups products around infrastructure monitoring, logs, APM, security, digital experience, software delivery, and cloud cost management. The page is useful for extracting product families and observability use cases.",Extract product families and observability use cases from the page text.
691,J6mZgnd4mj,https://www.notion.so/product,Notion product,"Notion describes its workspace as a place for docs, wikis, projects, databases, and AI-assisted work. The page is useful for extracting product categories, collaboration features, and workflow examples.",Extract collaboration features and workflow categories from the page text.
692,2crq6ADOmT,https://www.shopify.com/pricing,Shopify pricing,"Shopify lists commerce plans for merchants that want to sell online, in person, and across channels. The page is useful for comparing plan names, monthly prices, and included commerce features.","Extract plan names, prices, and commerce features from the page text."
693,3PAvks0EoY,https://www.cloudflare.com/application-services/,Cloudflare application services,"Cloudflare describes application services for performance, security, DDoS protection, bot management, and traffic acceleration. The page is useful for extracting security capabilities and infrastructure benefits.",Extract security capabilities and infrastructure benefits from the page text.
694,zMRTBfm6K2,https://www.atlassian.com/software/jira,Jira project management software,"Atlassian presents Jira as software for planning, tracking, and managing work across software, IT, and business teams. The page is useful for extracting product positioning, target users, and core use cases.","Extract the product name, target users, and main use cases from the page text."
695,J5fmR2YFA7,https://www.notion.so/product,Notion product,"Notion describes its workspace as a place for docs, wikis, projects, databases, and AI-assisted work. The page is useful for extracting product categories, collaboration features, and workflow examples.",Extract collaboration features and workflow categories from the page text.
696,0jNAzjuPMy,https://www.atlassian.com/software/jira,Jira project management software,"Atlassian presents Jira as software for planning, tracking, and managing work across software, IT, and business teams. The page is useful for extracting product positioning, target users, and core use cases.","Extract the product name, target users, and main use cases from the page text."
697,V6tpfkDykh,https://www.notion.so/product,Notion product,"Notion describes its workspace as a place for docs, wikis, projects, databases, and AI-assisted work. The page is useful for extracting product categories, collaboration features, and workflow examples.",Extract collaboration features and workflow categories from the page text.
698,OCdlypRFbl,https://www.notion.so/product,Notion product,"Notion describes its workspace as a place for docs, wikis, projects, databases, and AI-assisted work. The page is useful for extracting product categories, collaboration features, and workflow examples.",Extract collaboration features and workflow categories from the page text.
699,YnCk40KkqA,https://www.datadoghq.com/product/,Datadog products,"Datadog groups products around infrastructure monitoring, logs, APM, security, digital experience, software delivery, and cloud cost management. The page is useful for extracting product families and observability use cases.",Extract product families and observability use cases from the page text.
700,75F4ZDNn1P,https://www.twilio.com/en-us/messaging,Twilio messaging,"Twilio presents messaging products for SMS, MMS, WhatsApp, conversational messaging, verification, and customer engagement workflows. The page is useful for extracting communication channels and API use cases.",Extract communication channels and API use cases from the page text.
701,8FebC6D6ba,https://www.shopify.com/pricing,Shopify pricing,"Shopify lists commerce plans for merchants that want to sell online, in person, and across channels. The page is useful for comparing plan names, monthly prices, and included commerce features.","Extract plan names, prices, and commerce features from the page text."
702,jYXCqAgcqF,https://www.cloudflare.com/application-services/,Cloudflare application services,"Cloudflare describes application services for performance, security, DDoS protection, bot management, and traffic acceleration. The page is useful for extracting security capabilities and infrastructure benefits.",Extract security capabilities and infrastructure benefits from the page text.
703,Flrz970xbY,https://www.hubspot.com/pricing,HubSpot pricing,"HubSpot publishes pricing for its customer platform, including marketing, sales, service, content, operations, and commerce products. The page is useful for extracting product hubs, editions, and pricing structure.","Extract software products, editions, and pricing structure from the page text."
704,JXJBVmtgjg,https://www.datadoghq.com/product/,Datadog products,"Datadog groups products around infrastructure monitoring, logs, APM, security, digital experience, software delivery, and cloud cost management. The page is useful for extracting product families and observability use cases.",Extract product families and observability use cases from the page text.
705,mKbfjcPTQQ,https://www.hubspot.com/pricing,HubSpot pricing,"HubSpot publishes pricing for its customer platform, including marketing, sales, service, content, operations, and commerce products. The page is useful for extracting product hubs, editions, and pricing structure.","Extract software products, editions, and pricing structure from the page text."
706,wiAOvcyVej,https://www.atlassian.com/software/jira,Jira project management software,"Atlassian presents Jira as software for planning, tracking, and managing work across software, IT, and business teams. The page is useful for extracting product positioning, target users, and core use cases.","Extract the product name, target users, and main use cases from the page text."
707,53xia0tMYh,https://www.twilio.com/en-us/messaging,Twilio messaging,"Twilio presents messaging products for SMS, MMS, WhatsApp, conversational messaging, verification, and customer engagement workflows. The page is useful for extracting communication channels and API use cases.",Extract communication channels and API use cases from the page text.
708,zIfjBezNlq,https://stripe.com/pricing,Stripe pricing,"Stripe publishes pricing for online card payments, in-person payments, billing, invoicing, fraud prevention, and other payment products. The page is useful for extracting plan names, transaction fees, and product-specific pricing notes.",Extract product names and pricing signals from the page text.
709,DL2o4X8fWe,https://www.notion.so/product,Notion product,"Notion describes its workspace as a place for docs, wikis, projects, databases, and AI-assisted work. The page is useful for extracting product categories, collaboration features, and workflow examples.",Extract collaboration features and workflow categories from the page text.
710,3f8OiCOD7H,https://www.atlassian.com/software/jira,Jira project management software,"Atlassian presents Jira as software for planning, tracking, and managing work across software, IT, and business teams. The page is useful for extracting product positioning, target users, and core use cases.","Extract the product name, target users, and main use cases from the page text."
711,48FuDtmB3U,https://www.datadoghq.com/product/,Datadog products,"Datadog groups products around infrastructure monitoring, logs, APM, security, digital experience, software delivery, and cloud cost management. The page is useful for extracting product families and observability use cases.",Extract product families and observability use cases from the page text.
712,3vSgDFcOLf,https://stripe.com/pricing,Stripe pricing,"Stripe publishes pricing for online card payments, in-person payments, billing, invoicing, fraud prevention, and other payment products. The page is useful for extracting plan names, transaction fees, and product-specific pricing notes.",Extract product names and pricing signals from the page text.
713,3fS0iEMbl4,https://www.atlassian.com/software/jira,Jira project management software,"Atlassian presents Jira as software for planning, tracking, and managing work across software, IT, and business teams. The page is useful for extracting product positioning, target users, and core use cases.","Extract the product name, target users, and main use cases from the page text."
714,pwDQSnNUFX,https://stripe.com/pricing,Stripe pricing,"Stripe publishes pricing for online card payments, in-person payments, billing, invoicing, fraud prevention, and other payment products. The page is useful for extracting plan names, transaction fees, and product-specific pricing notes.",Extract product names and pricing signals from the page text.
715,OyPuZ6oISe,https://www.datadoghq.com/product/,Datadog products,"Datadog groups products around infrastructure monitoring, logs, APM, security, digital experience, software delivery, and cloud cost management. The page is useful for extracting product families and observability use cases.",Extract product families and observability use cases from the page text.
716,awgSlbWezl,https://www.atlassian.com/software/jira,Jira project management software,"Atlassian presents Jira as software for planning, tracking, and managing work across software, IT, and business teams. The page is useful for extracting product positioning, target users, and core use cases.","Extract the product name, target users, and main use cases from the page text."
717,EIVOi1pK5h,https://www.cloudflare.com/application-services/,Cloudflare application services,"Cloudflare describes application services for performance, security, DDoS protection, bot management, and traffic acceleration. The page is useful for extracting security capabilities and infrastructure benefits.",Extract security capabilities and infrastructure benefits from the page text.
718,xviO2Dwn7L,https://www.shopify.com/pricing,Shopify pricing,"Shopify lists commerce plans for merchants that want to sell online, in person, and across channels. The page is useful for comparing plan names, monthly prices, and included commerce features.","Extract plan names, prices, and commerce features from the page text."
719,GP8q5cA9dW,https://www.atlassian.com/software/jira,Jira project management software,"Atlassian presents Jira as software for planning, tracking, and managing work across software, IT, and business teams. The page is useful for extracting product positioning, target users, and core use cases.","Extract the product name, target users, and main use cases from the page text."
720,M3Ym7lT6eC,https://www.datadoghq.com/product/,Datadog products,"Datadog groups products around infrastructure monitoring, logs, APM, security, digital experience, software delivery, and cloud cost management. The page is useful for extracting product families and observability use cases.",Extract product families and observability use cases from the page text.
721,W9nWu6Bk9F,https://www.twilio.com/en-us/messaging,Twilio messaging,"Twilio presents messaging products for SMS, MMS, WhatsApp, conversational messaging, verification, and customer engagement workflows. The page is useful for extracting communication channels and API use cases.",Extract communication channels and API use cases from the page text.
722,9aNVGSPEtZ,https://www.twilio.com/en-us/messaging,Twilio messaging,"Twilio presents messaging products for SMS, MMS, WhatsApp, conversational messaging, verification, and customer engagement workflows. The page is useful for extracting communication channels and API use cases.",Extract communication channels and API use cases from the page text.
723,8IuTadqjtc,https://www.hubspot.com/pricing,HubSpot pricing,"HubSpot publishes pricing for its customer platform, including marketing, sales, service, content, operations, and commerce products. The page is useful for extracting product hubs, editions, and pricing structure.","Extract software products, editions, and pricing structure from the page text."
724,aIG6TxywpZ,https://www.cloudflare.com/application-services/,Cloudflare application services,"Cloudflare describes application services for performance, security, DDoS protection, bot management, and traffic acceleration. The page is useful for extracting security capabilities and infrastructure benefits.",Extract security capabilities and infrastructure benefits from the page text.
725,XojvYw4H12,https://www.shopify.com/pricing,Shopify pricing,"Shopify lists commerce plans for merchants that want to sell online, in person, and across channels. The page is useful for comparing plan names, monthly prices, and included commerce features.","Extract plan names, prices, and commerce features from the page text."
726,vuB2asmvHA,https://www.datadoghq.com/product/,Datadog products,"Datadog groups products around infrastructure monitoring, logs, APM, security, digital experience, software delivery, and cloud cost management. The page is useful for extracting product families and observability use cases.",Extract product families and observability use cases from the page text.
727,zTIKyW2FPY,https://www.datadoghq.com/product/,Datadog products,"Datadog groups products around infrastructure monitoring, logs, APM, security, digital experience, software delivery, and cloud cost management. The page is useful for extracting product families and observability use cases.",Extract product families and observability use cases from the page text.
728,UobsbVc8jH,https://www.atlassian.com/software/jira,Jira project management software,"Atlassian presents Jira as software for planning, tracking, and managing work across software, IT, and business teams. The page is useful for extracting product positioning, target users, and core use cases.","Extract the product name, target users, and main use cases from the page text."
729,guxg27XEoM,https://www.hubspot.com/pricing,HubSpot pricing,"HubSpot publishes pricing for its customer platform, including marketing, sales, service, content, operations, and commerce products. The page is useful for extracting product hubs, editions, and pricing structure.","Extract software products, editions, and pricing structure from the page text."
730,j8D541UTsE,https://www.twilio.com/en-us/messaging,Twilio messaging,"Twilio presents messaging products for SMS, MMS, WhatsApp, conversational messaging, verification, and customer engagement workflows. The page is useful for extracting communication channels and API use cases.",Extract communication channels and API use cases from the page text.
731,Ye8TRBC002,https://www.datadoghq.com/product/,Datadog products,"Datadog groups products around infrastructure monitoring, logs, APM, security, digital experience, software delivery, and cloud cost management. The page is useful for extracting product families and observability use cases.",Extract product families and observability use cases from the page text.
732,CHDxyF4Ycy,https://www.datadoghq.com/product/,Datadog products,"Datadog groups products around infrastructure monitoring, logs, APM, security, digital experience, software delivery, and cloud cost management. The page is useful for extracting product families and observability use cases.",Extract product families and observability use cases from the page text.
733,EfN0uo3QVb,https://www.datadoghq.com/product/,Datadog products,"Datadog groups products around infrastructure monitoring, logs, APM, security, digital experience, software delivery, and cloud cost management. The page is useful for extracting product families and observability use cases.",Extract product families and observability use cases from the page text.
734,mCu7l6mzEb,https://www.datadoghq.com/product/,Datadog products,"Datadog groups products around infrastructure monitoring, logs, APM, security, digital experience, software delivery, and cloud cost management. The page is useful for extracting product families and observability use cases.",Extract product families and observability use cases from the page text.
735,8UgsPkA7B5,https://www.shopify.com/pricing,Shopify pricing,"Shopify lists commerce plans for merchants that want to sell online, in person, and across channels. The page is useful for comparing plan names, monthly prices, and included commerce features.","Extract plan names, prices, and commerce features from the page text."
736,1wcZUHgYU2,https://stripe.com/pricing,Stripe pricing,"Stripe publishes pricing for online card payments, in-person payments, billing, invoicing, fraud prevention, and other payment products. The page is useful for extracting plan names, transaction fees, and product-specific pricing notes.",Extract product names and pricing signals from the page text.
737,JNRsBywpoG,https://stripe.com/pricing,Stripe pricing,"Stripe publishes pricing for online card payments, in-person payments, billing, invoicing, fraud prevention, and other payment products. The page is useful for extracting plan names, transaction fees, and product-specific pricing notes.",Extract product names and pricing signals from the page text.
738,sCJTncym5p,https://stripe.com/pricing,Stripe pricing,"Stripe publishes pricing for online card payments, in-person payments, billing, invoicing, fraud prevention, and other payment products. The page is useful for extracting plan names, transaction fees, and product-specific pricing notes.",Extract product names and pricing signals from the page text.
739,7QIn9WboF5,https://www.shopify.com/pricing,Shopify pricing,"Shopify lists commerce plans for merchants that want to sell online, in person, and across channels. The page is useful for comparing plan names, monthly prices, and included commerce features.","Extract plan names, prices, and commerce features from the page text."
740,xqlLT2XbsJ,https://www.datadoghq.com/product/,Datadog products,"Datadog groups products around infrastructure monitoring, logs, APM, security, digital experience, software delivery, and cloud cost management. The page is useful for extracting product families and observability use cases.",Extract product families and observability use cases from the page text.
741,oa7xUrRIEu,https://www.hubspot.com/pricing,HubSpot pricing,"HubSpot publishes pricing for its customer platform, including marketing, sales, service, content, operations, and commerce products. The page is useful for extracting product hubs, editions, and pricing structure.","Extract software products, editions, and pricing structure from the page text."
742,vrxgJ44WQj,https://stripe.com/pricing,Stripe pricing,"Stripe publishes pricing for online card payments, in-person payments, billing, invoicing, fraud prevention, and other payment products. The page is useful for extracting plan names, transaction fees, and product-specific pricing notes.",Extract product names and pricing signals from the page text.
743,4GXIr38qNW,https://www.atlassian.com/software/jira,Jira project management software,"Atlassian presents Jira as software for planning, tracking, and managing work across software, IT, and business teams. The page is useful for extracting product positioning, target users, and core use cases.","Extract the product name, target users, and main use cases from the page text."
744,nyjyANQ1ol,https://www.hubspot.com/pricing,HubSpot pricing,"HubSpot publishes pricing for its customer platform, including marketing, sales, service, content, operations, and commerce products. The page is useful for extracting product hubs, editions, and pricing structure.","Extract software products, editions, and pricing structure from the page text."
745,H9OzN7RuwB,https://www.notion.so/product,Notion product,"Notion describes its workspace as a place for docs, wikis, projects, databases, and AI-assisted work. The page is useful for extracting product categories, collaboration features, and workflow examples.",Extract collaboration features and workflow categories from the page text.
746,6N0RMqknVM,https://www.notion.so/product,Notion product,"Notion describes its workspace as a place for docs, wikis, projects, databases, and AI-assisted work. The page is useful for extracting product categories, collaboration features, and workflow examples.",Extract collaboration features and workflow categories from the page text.
747,pIdqoRqwuD,https://www.shopify.com/pricing,Shopify pricing,"Shopify lists commerce plans for merchants that want to sell online, in person, and across channels. The page is useful for comparing plan names, monthly prices, and included commerce features.","Extract plan names, prices, and commerce features from the page text."
748,yfdmhnuVre,https://www.datadoghq.com/product/,Datadog products,"Datadog groups products around infrastructure monitoring, logs, APM, security, digital experience, software delivery, and cloud cost management. The page is useful for extracting product families and observability use cases.",Extract product families and observability use cases from the page text.
749,8dlQOdXcja,https://www.datadoghq.com/product/,Datadog products,"Datadog groups products around infrastructure monitoring, logs, APM, security, digital experience, software delivery, and cloud cost management. The page is useful for extracting product families and observability use cases.",Extract product families and observability use cases from the page text.
750,KWscUZFMDq,https://www.cloudflare.com/application-services/,Cloudflare application services,"Cloudflare describes application services for performance, security, DDoS protection, bot management, and traffic acceleration. The page is useful for extracting security capabilities and infrastructure benefits.",Extract security capabilities and infrastructure benefits from the page text.
751,aRQXzFmoWr,https://www.cloudflare.com/application-services/,Cloudflare application services,"Cloudflare describes application services for performance, security, DDoS protection, bot management, and traffic acceleration. The page is useful for extracting security capabilities and infrastructure benefits.",Extract security capabilities and infrastructure benefits from the page text.
752,s76UQDGD1o,https://www.atlassian.com/software/jira,Jira project management software,"Atlassian presents Jira as software for planning, tracking, and managing work across software, IT, and business teams. The page is useful for extracting product positioning, target users, and core use cases.","Extract the product name, target users, and main use cases from the page text."
753,qnAEnECsXi,https://www.notion.so/product,Notion product,"Notion describes its workspace as a place for docs, wikis, projects, databases, and AI-assisted work. The page is useful for extracting product categories, collaboration features, and workflow examples.",Extract collaboration features and workflow categories from the page text.
754,poSoAU5Azt,https://www.cloudflare.com/application-services/,Cloudflare application services,"Cloudflare describes application services for performance, security, DDoS protection, bot management, and traffic acceleration. The page is useful for extracting security capabilities and infrastructure benefits.",Extract security capabilities and infrastructure benefits from the page text.
755,rNzZgVqRuG,https://www.hubspot.com/pricing,HubSpot pricing,"HubSpot publishes pricing for its customer platform, including marketing, sales, service, content, operations, and commerce products. The page is useful for extracting product hubs, editions, and pricing structure.","Extract software products, editions, and pricing structure from the page text."
756,DKb4TRJynZ,https://www.hubspot.com/pricing,HubSpot pricing,"HubSpot publishes pricing for its customer platform, including marketing, sales, service, content, operations, and commerce products. The page is useful for extracting product hubs, editions, and pricing structure.","Extract software products, editions, and pricing structure from the page text."
757,IJPRPb7RtE,https://stripe.com/pricing,Stripe pricing,"Stripe publishes pricing for online card payments, in-person payments, billing, invoicing, fraud prevention, and other payment products. The page is useful for extracting plan names, transaction fees, and product-specific pricing notes.",Extract product names and pricing signals from the page text.
758,aWNJZo9Fbe,https://stripe.com/pricing,Stripe pricing,"Stripe publishes pricing for online card payments, in-person payments, billing, invoicing, fraud prevention, and other payment products. The page is useful for extracting plan names, transaction fees, and product-specific pricing notes.",Extract product names and pricing signals from the page text.
759,QESG0uUpTJ,https://www.notion.so/product,Notion product,"Notion describes its workspace as a place for docs, wikis, projects, databases, and AI-assisted work. The page is useful for extracting product categories, collaboration features, and workflow examples.",Extract collaboration features and workflow categories from the page text.
760,D3CLNQgqYt,https://www.cloudflare.com/application-services/,Cloudflare application services,"Cloudflare describes application services for performance, security, DDoS protection, bot management, and traffic acceleration. The page is useful for extracting security capabilities and infrastructure benefits.",Extract security capabilities and infrastructure benefits from the page text.
761,UVtBnDGHM0,https://www.datadoghq.com/product/,Datadog products,"Datadog groups products around infrastructure monitoring, logs, APM, security, digital experience, software delivery, and cloud cost management. The page is useful for extracting product families and observability use cases.",Extract product families and observability use cases from the page text.
762,rY5kSlxU0i,https://www.datadoghq.com/product/,Datadog products,"Datadog groups products around infrastructure monitoring, logs, APM, security, digital experience, software delivery, and cloud cost management. The page is useful for extracting product families and observability use cases.",Extract product families and observability use cases from the page text.
763,7u4KNv0pEi,https://stripe.com/pricing,Stripe pricing,"Stripe publishes pricing for online card payments, in-person payments, billing, invoicing, fraud prevention, and other payment products. The page is useful for extracting plan names, transaction fees, and product-specific pricing notes.",Extract product names and pricing signals from the page text.
764,JDqhkLh0nE,https://www.datadoghq.com/product/,Datadog products,"Datadog groups products around infrastructure monitoring, logs, APM, security, digital experience, software delivery, and cloud cost management. The page is useful for extracting product families and observability use cases.",Extract product families and observability use cases from the page text.
765,HFTB0138QQ,https://www.twilio.com/en-us/messaging,Twilio messaging,"Twilio presents messaging products for SMS, MMS, WhatsApp, conversational messaging, verification, and customer engagement workflows. The page is useful for extracting communication channels and API use cases.",Extract communication channels and API use cases from the page text.
766,Nvp2aVwhBp,https://stripe.com/pricing,Stripe pricing,"Stripe publishes pricing for online card payments, in-person payments, billing, invoicing, fraud prevention, and other payment products. The page is useful for extracting plan names, transaction fees, and product-specific pricing notes.",Extract product names and pricing signals from the page text.
767,AetCdrNje6,https://www.hubspot.com/pricing,HubSpot pricing,"HubSpot publishes pricing for its customer platform, including marketing, sales, service, content, operations, and commerce products. The page is useful for extracting product hubs, editions, and pricing structure.","Extract software products, editions, and pricing structure from the page text."
768,4s37Sxgrqm,https://www.hubspot.com/pricing,HubSpot pricing,"HubSpot publishes pricing for its customer platform, including marketing, sales, service, content, operations, and commerce products. The page is useful for extracting product hubs, editions, and pricing structure.","Extract software products, editions, and pricing structure from the page text."
769,qLGJ9wLH5Y,https://www.atlassian.com/software/jira,Jira project management software,"Atlassian presents Jira as software for planning, tracking, and managing work across software, IT, and business teams. The page is useful for extracting product positioning, target users, and core use cases.","Extract the product name, target users, and main use cases from the page text."
770,9eOcjhCyZC,https://www.datadoghq.com/product/,Datadog products,"Datadog groups products around infrastructure monitoring, logs, APM, security, digital experience, software delivery, and cloud cost management. The page is useful for extracting product families and observability use cases.",Extract product families and observability use cases from the page text.
771,sAwYb49Bou,https://www.hubspot.com/pricing,HubSpot pricing,"HubSpot publishes pricing for its customer platform, including marketing, sales, service, content, operations, and commerce products. The page is useful for extracting product hubs, editions, and pricing structure.","Extract software products, editions, and pricing structure from the page text."
772,tr1B3EKaFc,https://www.hubspot.com/pricing,HubSpot pricing,"HubSpot publishes pricing for its customer platform, including marketing, sales, service, content, operations, and commerce products. The page is useful for extracting product hubs, editions, and pricing structure.","Extract software products, editions, and pricing structure from the page text."
773,8d75UPft4f,https://www.shopify.com/pricing,Shopify pricing,"Shopify lists commerce plans for merchants that want to sell online, in person, and across channels. The page is useful for comparing plan names, monthly prices, and included commerce features.","Extract plan names, prices, and commerce features from the page text."
774,bg63sEKzZf,https://www.atlassian.com/software/jira,Jira project management software,"Atlassian presents Jira as software for planning, tracking, and managing work across software, IT, and business teams. The page is useful for extracting product positioning, target users, and core use cases.","Extract the product name, target users, and main use cases from the page text."
775,BmbZFykknk,https://www.atlassian.com/software/jira,Jira project management software,"Atlassian presents Jira as software for planning, tracking, and managing work across software, IT, and business teams. The page is useful for extracting product positioning, target users, and core use cases.","Extract the product name, target users, and main use cases from the page text."
776,L3DeBsoUnJ,https://www.hubspot.com/pricing,HubSpot pricing,"HubSpot publishes pricing for its customer platform, including marketing, sales, service, content, operations, and commerce products. The page is useful for extracting product hubs, editions, and pricing structure.","Extract software products, editions, and pricing structure from the page text."
777,0SQ0kokW6j,https://www.datadoghq.com/product/,Datadog products,"Datadog groups products around infrastructure monitoring, logs, APM, security, digital experience, software delivery, and cloud cost management. The page is useful for extracting product families and observability use cases.",Extract product families and observability use cases from the page text.
778,GTjsUkRWpd,https://www.hubspot.com/pricing,HubSpot pricing,"HubSpot publishes pricing for its customer platform, including marketing, sales, service, content, operations, and commerce products. The page is useful for extracting product hubs, editions, and pricing structure.","Extract software products, editions, and pricing structure from the page text."
779,cmVNlPkf1n,https://www.atlassian.com/software/jira,Jira project management software,"Atlassian presents Jira as software for planning, tracking, and managing work across software, IT, and business teams. The page is useful for extracting product positioning, target users, and core use cases.","Extract the product name, target users, and main use cases from the page text."
780,PqnZ3wBBVC,https://stripe.com/pricing,Stripe pricing,"Stripe publishes pricing for online card payments, in-person payments, billing, invoicing, fraud prevention, and other payment products. The page is useful for extracting plan names, transaction fees, and product-specific pricing notes.",Extract product names and pricing signals from the page text.
781,b3gSabLHm8,https://stripe.com/pricing,Stripe pricing,"Stripe publishes pricing for online card payments, in-person payments, billing, invoicing, fraud prevention, and other payment products. The page is useful for extracting plan names, transaction fees, and product-specific pricing notes.",Extract product names and pricing signals from the page text.
782,NkuwjB706Q,https://www.twilio.com/en-us/messaging,Twilio messaging,"Twilio presents messaging products for SMS, MMS, WhatsApp, conversational messaging, verification, and customer engagement workflows. The page is useful for extracting communication channels and API use cases.",Extract communication channels and API use cases from the page text.
783,7C8zA0OzP2,https://www.notion.so/product,Notion product,"Notion describes its workspace as a place for docs, wikis, projects, databases, and AI-assisted work. The page is useful for extracting product categories, collaboration features, and workflow examples.",Extract collaboration features and workflow categories from the page text.
784,yHOcNEEKdp,https://www.atlassian.com/software/jira,Jira project management software,"Atlassian presents Jira as software for planning, tracking, and managing work across software, IT, and business teams. The page is useful for extracting product positioning, target users, and core use cases.","Extract the product name, target users, and main use cases from the page text."
785,YpmhsgCsRm,https://www.atlassian.com/software/jira,Jira project management software,"Atlassian presents Jira as software for planning, tracking, and managing work across software, IT, and business teams. The page is useful for extracting product positioning, target users, and core use cases.","Extract the product name, target users, and main use cases from the page text."
786,0AVh7gmL3J,https://www.cloudflare.com/application-services/,Cloudflare application services,"Cloudflare describes application services for performance, security, DDoS protection, bot management, and traffic acceleration. The page is useful for extracting security capabilities and infrastructure benefits.",Extract security capabilities and infrastructure benefits from the page text.
787,57yuR1AcOx,https://www.notion.so/product,Notion product,"Notion describes its workspace as a place for docs, wikis, projects, databases, and AI-assisted work. The page is useful for extracting product categories, collaboration features, and workflow examples.",Extract collaboration features and workflow categories from the page text.
788,jlzLbxxQIY,https://www.notion.so/product,Notion product,"Notion describes its workspace as a place for docs, wikis, projects, databases, and AI-assisted work. The page is useful for extracting product categories, collaboration features, and workflow examples.",Extract collaboration features and workflow categories from the page text.
789,wxJBcGLJOy,https://www.atlassian.com/software/jira,Jira project management software,"Atlassian presents Jira as software for planning, tracking, and managing work across software, IT, and business teams. The page is useful for extracting product positioning, target users, and core use cases.","Extract the product name, target users, and main use cases from the page text."
790,pNAtXDZvNy,https://www.cloudflare.com/application-services/,Cloudflare application services,"Cloudflare describes application services for performance, security, DDoS protection, bot management, and traffic acceleration. The page is useful for extracting security capabilities and infrastructure benefits.",Extract security capabilities and infrastructure benefits from the page text.
791,WGqWoYnJ6Q,https://www.datadoghq.com/product/,Datadog products,"Datadog groups products around infrastructure monitoring, logs, APM, security, digital experience, software delivery, and cloud cost management. The page is useful for extracting product families and observability use cases.",Extract product families and observability use cases from the page text.
792,b330TjINkD,https://www.twilio.com/en-us/messaging,Twilio messaging,"Twilio presents messaging products for SMS, MMS, WhatsApp, conversational messaging, verification, and customer engagement workflows. The page is useful for extracting communication channels and API use cases.",Extract communication channels and API use cases from the page text.
793,OycqlNjG8U,https://www.cloudflare.com/application-services/,Cloudflare application services,"Cloudflare describes application services for performance, security, DDoS protection, bot management, and traffic acceleration. The page is useful for extracting security capabilities and infrastructure benefits.",Extract security capabilities and infrastructure benefits from the page text.
794,OmYx6VCcbR,https://www.hubspot.com/pricing,HubSpot pricing,"HubSpot publishes pricing for its customer platform, including marketing, sales, service, content, operations, and commerce products. The page is useful for extracting product hubs, editions, and pricing structure.","Extract software products, editions, and pricing structure from the page text."
795,b8ObUFYdOL,https://www.notion.so/product,Notion product,"Notion describes its workspace as a place for docs, wikis, projects, databases, and AI-assisted work. The page is useful for extracting product categories, collaboration features, and workflow examples.",Extract collaboration features and workflow categories from the page text.
796,gvySn026pQ,https://www.datadoghq.com/product/,Datadog products,"Datadog groups products around infrastructure monitoring, logs, APM, security, digital experience, software delivery, and cloud cost management. The page is useful for extracting product families and observability use cases.",Extract product families and observability use cases from the page text.
797,h5uHhS34jT,https://www.cloudflare.com/application-services/,Cloudflare application services,"Cloudflare describes application services for performance, security, DDoS protection, bot management, and traffic acceleration. The page is useful for extracting security capabilities and infrastructure benefits.",Extract security capabilities and infrastructure benefits from the page text.
798,5WvCO9L1l4,https://www.twilio.com/en-us/messaging,Twilio messaging,"Twilio presents messaging products for SMS, MMS, WhatsApp, conversational messaging, verification, and customer engagement workflows. The page is useful for extracting communication channels and API use cases.",Extract communication channels and API use cases from the page text.
799,DhI7AQa2uW,https://www.cloudflare.com/application-services/,Cloudflare application services,"Cloudflare describes application services for performance, security, DDoS protection, bot management, and traffic acceleration. The page is useful for extracting security capabilities and infrastructure benefits.",Extract security capabilities and infrastructure benefits from the page text.
800,tMDklbKFO5,https://www.shopify.com/pricing,Shopify pricing,"Shopify lists commerce plans for merchants that want to sell online, in person, and across channels. The page is useful for comparing plan names, monthly prices, and included commerce features.","Extract plan names, prices, and commerce features from the page text."
801,t0Bj2hTitT,https://www.atlassian.com/software/jira,Jira project management software,"Atlassian presents Jira as software for planning, tracking, and managing work across software, IT, and business teams. The page is useful for extracting product positioning, target users, and core use cases.","Extract the product name, target users, and main use cases from the page text."
802,F5pAkfeKxn,https://www.twilio.com/en-us/messaging,Twilio messaging,"Twilio presents messaging products for SMS, MMS, WhatsApp, conversational messaging, verification, and customer engagement workflows. The page is useful for extracting communication channels and API use cases.",Extract communication channels and API use cases from the page text.
803,8rTJCpYbEo,https://www.shopify.com/pricing,Shopify pricing,"Shopify lists commerce plans for merchants that want to sell online, in person, and across channels. The page is useful for comparing plan names, monthly prices, and included commerce features.","Extract plan names, prices, and commerce features from the page text."
804,hpx9t26d1C,https://www.twilio.com/en-us/messaging,Twilio messaging,"Twilio presents messaging products for SMS, MMS, WhatsApp, conversational messaging, verification, and customer engagement workflows. The page is useful for extracting communication channels and API use cases.",Extract communication channels and API use cases from the page text.
805,5SVLVxehL9,https://www.datadoghq.com/product/,Datadog products,"Datadog groups products around infrastructure monitoring, logs, APM, security, digital experience, software delivery, and cloud cost management. The page is useful for extracting product families and observability use cases.",Extract product families and observability use cases from the page text.
806,0ZWV8534nh,https://www.shopify.com/pricing,Shopify pricing,"Shopify lists commerce plans for merchants that want to sell online, in person, and across channels. The page is useful for comparing plan names, monthly prices, and included commerce features.","Extract plan names, prices, and commerce features from the page text."
807,pJar1JjdM3,https://www.notion.so/product,Notion product,"Notion describes its workspace as a place for docs, wikis, projects, databases, and AI-assisted work. The page is useful for extracting product categories, collaboration features, and workflow examples.",Extract collaboration features and workflow categories from the page text.
808,7iK8uA7vR9,https://www.cloudflare.com/application-services/,Cloudflare application services,"Cloudflare describes application services for performance, security, DDoS protection, bot management, and traffic acceleration. The page is useful for extracting security capabilities and infrastructure benefits.",Extract security capabilities and infrastructure benefits from the page text.
809,Dm63d3LKee,https://www.cloudflare.com/application-services/,Cloudflare application services,"Cloudflare describes application services for performance, security, DDoS protection, bot management, and traffic acceleration. The page is useful for extracting security capabilities and infrastructure benefits.",Extract security capabilities and infrastructure benefits from the page text.
810,OMuhCyqFjm,https://www.cloudflare.com/application-services/,Cloudflare application services,"Cloudflare describes application services for performance, security, DDoS protection, bot management, and traffic acceleration. The page is useful for extracting security capabilities and infrastructure benefits.",Extract security capabilities and infrastructure benefits from the page text.
811,qZY26VKa8R,https://www.datadoghq.com/product/,Datadog products,"Datadog groups products around infrastructure monitoring, logs, APM, security, digital experience, software delivery, and cloud cost management. The page is useful for extracting product families and observability use cases.",Extract product families and observability use cases from the page text.
812,SoYnXjzrA4,https://www.twilio.com/en-us/messaging,Twilio messaging,"Twilio presents messaging products for SMS, MMS, WhatsApp, conversational messaging, verification, and customer engagement workflows. The page is useful for extracting communication channels and API use cases.",Extract communication channels and API use cases from the page text.
813,eA9y63xCZp,https://www.cloudflare.com/application-services/,Cloudflare application services,"Cloudflare describes application services for performance, security, DDoS protection, bot management, and traffic acceleration. The page is useful for extracting security capabilities and infrastructure benefits.",Extract security capabilities and infrastructure benefits from the page text.
814,97r0x4g5XV,https://www.cloudflare.com/application-services/,Cloudflare application services,"Cloudflare describes application services for performance, security, DDoS protection, bot management, and traffic acceleration. The page is useful for extracting security capabilities and infrastructure benefits.",Extract security capabilities and infrastructure benefits from the page text.
815,XXLe7MGbWA,https://www.cloudflare.com/application-services/,Cloudflare application services,"Cloudflare describes application services for performance, security, DDoS protection, bot management, and traffic acceleration. The page is useful for extracting security capabilities and infrastructure benefits.",Extract security capabilities and infrastructure benefits from the page text.
816,XQiw6Swnj2,https://www.hubspot.com/pricing,HubSpot pricing,"HubSpot publishes pricing for its customer platform, including marketing, sales, service, content, operations, and commerce products. The page is useful for extracting product hubs, editions, and pricing structure.","Extract software products, editions, and pricing structure from the page text."
817,HFNl4ZKIPL,https://www.hubspot.com/pricing,HubSpot pricing,"HubSpot publishes pricing for its customer platform, including marketing, sales, service, content, operations, and commerce products. The page is useful for extracting product hubs, editions, and pricing structure.","Extract software products, editions, and pricing structure from the page text."
818,gGkiarESK8,https://www.atlassian.com/software/jira,Jira project management software,"Atlassian presents Jira as software for planning, tracking, and managing work across software, IT, and business teams. The page is useful for extracting product positioning, target users, and core use cases.","Extract the product name, target users, and main use cases from the page text."
819,ZmFrJpEbvk,https://www.twilio.com/en-us/messaging,Twilio messaging,"Twilio presents messaging products for SMS, MMS, WhatsApp, conversational messaging, verification, and customer engagement workflows. The page is useful for extracting communication channels and API use cases.",Extract communication channels and API use cases from the page text.
820,wPJoyKtjXE,https://www.shopify.com/pricing,Shopify pricing,"Shopify lists commerce plans for merchants that want to sell online, in person, and across channels. The page is useful for comparing plan names, monthly prices, and included commerce features.","Extract plan names, prices, and commerce features from the page text."
821,LqbM3XQ5lF,https://www.hubspot.com/pricing,HubSpot pricing,"HubSpot publishes pricing for its customer platform, including marketing, sales, service, content, operations, and commerce products. The page is useful for extracting product hubs, editions, and pricing structure.","Extract software products, editions, and pricing structure from the page text."
822,3Uod63j03f,https://www.notion.so/product,Notion product,"Notion describes its workspace as a place for docs, wikis, projects, databases, and AI-assisted work. The page is useful for extracting product categories, collaboration features, and workflow examples.",Extract collaboration features and workflow categories from the page text.
823,mh8hGCfmDj,https://www.hubspot.com/pricing,HubSpot pricing,"HubSpot publishes pricing for its customer platform, including marketing, sales, service, content, operations, and commerce products. The page is useful for extracting product hubs, editions, and pricing structure.","Extract software products, editions, and pricing structure from the page text."
824,P5herag3kZ,https://stripe.com/pricing,Stripe pricing,"Stripe publishes pricing for online card payments, in-person payments, billing, invoicing, fraud prevention, and other payment products. The page is useful for extracting plan names, transaction fees, and product-specific pricing notes.",Extract product names and pricing signals from the page text.
825,QEEDcD3zXb,https://www.notion.so/product,Notion product,"Notion describes its workspace as a place for docs, wikis, projects, databases, and AI-assisted work. The page is useful for extracting product categories, collaboration features, and workflow examples.",Extract collaboration features and workflow categories from the page text.
826,AdZDmbUYgD,https://www.notion.so/product,Notion product,"Notion describes its workspace as a place for docs, wikis, projects, databases, and AI-assisted work. The page is useful for extracting product categories, collaboration features, and workflow examples.",Extract collaboration features and workflow categories from the page text.
827,oY0oWKfpGq,https://www.shopify.com/pricing,Shopify pricing,"Shopify lists commerce plans for merchants that want to sell online, in person, and across channels. The page is useful for comparing plan names, monthly prices, and included commerce features.","Extract plan names, prices, and commerce features from the page text."
828,50MUwjGZq0,https://www.atlassian.com/software/jira,Jira project management software,"Atlassian presents Jira as software for planning, tracking, and managing work across software, IT, and business teams. The page is useful for extracting product positioning, target users, and core use cases.","Extract the product name, target users, and main use cases from the page text."
829,ICw6NJYIoa,https://stripe.com/pricing,Stripe pricing,"Stripe publishes pricing for online card payments, in-person payments, billing, invoicing, fraud prevention, and other payment products. The page is useful for extracting plan names, transaction fees, and product-specific pricing notes.",Extract product names and pricing signals from the page text.
830,srbN4STbC1,https://www.shopify.com/pricing,Shopify pricing,"Shopify lists commerce plans for merchants that want to sell online, in person, and across channels. The page is useful for comparing plan names, monthly prices, and included commerce features.","Extract plan names, prices, and commerce features from the page text."
831,VWPUWkLrld,https://www.notion.so/product,Notion product,"Notion describes its workspace as a place for docs, wikis, projects, databases, and AI-assisted work. The page is useful for extracting product categories, collaboration features, and workflow examples.",Extract collaboration features and workflow categories from the page text.
832,Hr6X7oQCgU,https://stripe.com/pricing,Stripe pricing,"Stripe publishes pricing for online card payments, in-person payments, billing, invoicing, fraud prevention, and other payment products. The page is useful for extracting plan names, transaction fees, and product-specific pricing notes.",Extract product names and pricing signals from the page text.
833,s7A7kglkV7,https://www.hubspot.com/pricing,HubSpot pricing,"HubSpot publishes pricing for its customer platform, including marketing, sales, service, content, operations, and commerce products. The page is useful for extracting product hubs, editions, and pricing structure.","Extract software products, editions, and pricing structure from the page text."
834,PVoqyh22rE,https://www.cloudflare.com/application-services/,Cloudflare application services,"Cloudflare describes application services for performance, security, DDoS protection, bot management, and traffic acceleration. The page is useful for extracting security capabilities and infrastructure benefits.",Extract security capabilities and infrastructure benefits from the page text.
835,2eJkVs4KWN,https://www.hubspot.com/pricing,HubSpot pricing,"HubSpot publishes pricing for its customer platform, including marketing, sales, service, content, operations, and commerce products. The page is useful for extracting product hubs, editions, and pricing structure.","Extract software products, editions, and pricing structure from the page text."
836,jnkREnGexK,https://www.notion.so/product,Notion product,"Notion describes its workspace as a place for docs, wikis, projects, databases, and AI-assisted work. The page is useful for extracting product categories, collaboration features, and workflow examples.",Extract collaboration features and workflow categories from the page text.
837,dasYn064qi,https://stripe.com/pricing,Stripe pricing,"Stripe publishes pricing for online card payments, in-person payments, billing, invoicing, fraud prevention, and other payment products. The page is useful for extracting plan names, transaction fees, and product-specific pricing notes.",Extract product names and pricing signals from the page text.
838,4gbxvrUPfQ,https://www.atlassian.com/software/jira,Jira project management software,"Atlassian presents Jira as software for planning, tracking, and managing work across software, IT, and business teams. The page is useful for extracting product positioning, target users, and core use cases.","Extract the product name, target users, and main use cases from the page text."
839,b0SaEU5WJ8,https://www.cloudflare.com/application-services/,Cloudflare application services,"Cloudflare describes application services for performance, security, DDoS protection, bot management, and traffic acceleration. The page is useful for extracting security capabilities and infrastructure benefits.",Extract security capabilities and infrastructure benefits from the page text.
840,NKjNEIgqG5,https://www.notion.so/product,Notion product,"Notion describes its workspace as a place for docs, wikis, projects, databases, and AI-assisted work. The page is useful for extracting product categories, collaboration features, and workflow examples.",Extract collaboration features and workflow categories from the page text.
841,2XAzUVhvC9,https://www.datadoghq.com/product/,Datadog products,"Datadog groups products around infrastructure monitoring, logs, APM, security, digital experience, software delivery, and cloud cost management. The page is useful for extracting product families and observability use cases.",Extract product families and observability use cases from the page text.
842,Hwhj3HWtcA,https://stripe.com/pricing,Stripe pricing,"Stripe publishes pricing for online card payments, in-person payments, billing, invoicing, fraud prevention, and other payment products. The page is useful for extracting plan names, transaction fees, and product-specific pricing notes.",Extract product names and pricing signals from the page text.
843,WYTkK7Agym,https://www.datadoghq.com/product/,Datadog products,"Datadog groups products around infrastructure monitoring, logs, APM, security, digital experience, software delivery, and cloud cost management. The page is useful for extracting product families and observability use cases.",Extract product families and observability use cases from the page text.
844,dFHxQKPwgE,https://www.atlassian.com/software/jira,Jira project management software,"Atlassian presents Jira as software for planning, tracking, and managing work across software, IT, and business teams. The page is useful for extracting product positioning, target users, and core use cases.","Extract the product name, target users, and main use cases from the page text."
845,9sN2Xh3ceY,https://stripe.com/pricing,Stripe pricing,"Stripe publishes pricing for online card payments, in-person payments, billing, invoicing, fraud prevention, and other payment products. The page is useful for extracting plan names, transaction fees, and product-specific pricing notes.",Extract product names and pricing signals from the page text.
846,Sl75PgXWDd,https://www.datadoghq.com/product/,Datadog products,"Datadog groups products around infrastructure monitoring, logs, APM, security, digital experience, software delivery, and cloud cost management. The page is useful for extracting product families and observability use cases.",Extract product families and observability use cases from the page text.
847,dsLKaUDuwV,https://www.hubspot.com/pricing,HubSpot pricing,"HubSpot publishes pricing for its customer platform, including marketing, sales, service, content, operations, and commerce products. The page is useful for extracting product hubs, editions, and pricing structure.","Extract software products, editions, and pricing structure from the page text."
848,wNTBEdZ2N2,https://www.shopify.com/pricing,Shopify pricing,"Shopify lists commerce plans for merchants that want to sell online, in person, and across channels. The page is useful for comparing plan names, monthly prices, and included commerce features.","Extract plan names, prices, and commerce features from the page text."
849,DGpNFC4XDR,https://stripe.com/pricing,Stripe pricing,"Stripe publishes pricing for online card payments, in-person payments, billing, invoicing, fraud prevention, and other payment products. The page is useful for extracting plan names, transaction fees, and product-specific pricing notes.",Extract product names and pricing signals from the page text.
850,NOzTr959oJ,https://www.atlassian.com/software/jira,Jira project management software,"Atlassian presents Jira as software for planning, tracking, and managing work across software, IT, and business teams. The page is useful for extracting product positioning, target users, and core use cases.","Extract the product name, target users, and main use cases from the page text."
851,6JoYQfOCY1,https://www.datadoghq.com/product/,Datadog products,"Datadog groups products around infrastructure monitoring, logs, APM, security, digital experience, software delivery, and cloud cost management. The page is useful for extracting product families and observability use cases.",Extract product families and observability use cases from the page text.
852,IWvyu98Pto,https://www.shopify.com/pricing,Shopify pricing,"Shopify lists commerce plans for merchants that want to sell online, in person, and across channels. The page is useful for comparing plan names, monthly prices, and included commerce features.","Extract plan names, prices, and commerce features from the page text."
853,QLk0jnsWCw,https://stripe.com/pricing,Stripe pricing,"Stripe publishes pricing for online card payments, in-person payments, billing, invoicing, fraud prevention, and other payment products. The page is useful for extracting plan names, transaction fees, and product-specific pricing notes.",Extract product names and pricing signals from the page text.
854,6PNJKXKbPw,https://www.atlassian.com/software/jira,Jira project management software,"Atlassian presents Jira as software for planning, tracking, and managing work across software, IT, and business teams. The page is useful for extracting product positioning, target users, and core use cases.","Extract the product name, target users, and main use cases from the page text."
855,lNRkk8YJw3,https://www.datadoghq.com/product/,Datadog products,"Datadog groups products around infrastructure monitoring, logs, APM, security, digital experience, software delivery, and cloud cost management. The page is useful for extracting product families and observability use cases.",Extract product families and observability use cases from the page text.
856,vXu5r0aMkO,https://www.hubspot.com/pricing,HubSpot pricing,"HubSpot publishes pricing for its customer platform, including marketing, sales, service, content, operations, and commerce products. The page is useful for extracting product hubs, editions, and pricing structure.","Extract software products, editions, and pricing structure from the page text."
857,8EyievQmlV,https://www.notion.so/product,Notion product,"Notion describes its workspace as a place for docs, wikis, projects, databases, and AI-assisted work. The page is useful for extracting product categories, collaboration features, and workflow examples.",Extract collaboration features and workflow categories from the page text.
858,XTCxJE5dHQ,https://www.cloudflare.com/application-services/,Cloudflare application services,"Cloudflare describes application services for performance, security, DDoS protection, bot management, and traffic acceleration. The page is useful for extracting security capabilities and infrastructure benefits.",Extract security capabilities and infrastructure benefits from the page text.
859,ZZSIImZxPV,https://www.atlassian.com/software/jira,Jira project management software,"Atlassian presents Jira as software for planning, tracking, and managing work across software, IT, and business teams. The page is useful for extracting product positioning, target users, and core use cases.","Extract the product name, target users, and main use cases from the page text."
860,zmzqjHmH5B,https://www.notion.so/product,Notion product,"Notion describes its workspace as a place for docs, wikis, projects, databases, and AI-assisted work. The page is useful for extracting product categories, collaboration features, and workflow examples.",Extract collaboration features and workflow categories from the page text.
861,LXaAdqeamS,https://www.twilio.com/en-us/messaging,Twilio messaging,"Twilio presents messaging products for SMS, MMS, WhatsApp, conversational messaging, verification, and customer engagement workflows. The page is useful for extracting communication channels and API use cases.",Extract communication channels and API use cases from the page text.
862,SBahQX645I,https://www.hubspot.com/pricing,HubSpot pricing,"HubSpot publishes pricing for its customer platform, including marketing, sales, service, content, operations, and commerce products. The page is useful for extracting product hubs, editions, and pricing structure.","Extract software products, editions, and pricing structure from the page text."
863,wVlYwxtARU,https://www.twilio.com/en-us/messaging,Twilio messaging,"Twilio presents messaging products for SMS, MMS, WhatsApp, conversational messaging, verification, and customer engagement workflows. The page is useful for extracting communication channels and API use cases.",Extract communication channels and API use cases from the page text.
864,EKxC9Xobh7,https://www.atlassian.com/software/jira,Jira project management software,"Atlassian presents Jira as software for planning, tracking, and managing work across software, IT, and business teams. The page is useful for extracting product positioning, target users, and core use cases.","Extract the product name, target users, and main use cases from the page text."
865,Sq97nXKb75,https://www.cloudflare.com/application-services/,Cloudflare application services,"Cloudflare describes application services for performance, security, DDoS protection, bot management, and traffic acceleration. The page is useful for extracting security capabilities and infrastructure benefits.",Extract security capabilities and infrastructure benefits from the page text.
866,CdpmfcosUg,https://www.twilio.com/en-us/messaging,Twilio messaging,"Twilio presents messaging products for SMS, MMS, WhatsApp, conversational messaging, verification, and customer engagement workflows. The page is useful for extracting communication channels and API use cases.",Extract communication channels and API use cases from the page text.
867,7q3uM6QCwT,https://www.cloudflare.com/application-services/,Cloudflare application services,"Cloudflare describes application services for performance, security, DDoS protection, bot management, and traffic acceleration. The page is useful for extracting security capabilities and infrastructure benefits.",Extract security capabilities and infrastructure benefits from the page text.
868,fF0OU24u5T,https://www.hubspot.com/pricing,HubSpot pricing,"HubSpot publishes pricing for its customer platform, including marketing, sales, service, content, operations, and commerce products. The page is useful for extracting product hubs, editions, and pricing structure.","Extract software products, editions, and pricing structure from the page text."
869,undVZ4Ancw,https://www.cloudflare.com/application-services/,Cloudflare application services,"Cloudflare describes application services for performance, security, DDoS protection, bot management, and traffic acceleration. The page is useful for extracting security capabilities and infrastructure benefits.",Extract security capabilities and infrastructure benefits from the page text.
870,KjsBlkPrKj,https://www.twilio.com/en-us/messaging,Twilio messaging,"Twilio presents messaging products for SMS, MMS, WhatsApp, conversational messaging, verification, and customer engagement workflows. The page is useful for extracting communication channels and API use cases.",Extract communication channels and API use cases from the page text.
871,ynRHJzOkw6,https://www.datadoghq.com/product/,Datadog products,"Datadog groups products around infrastructure monitoring, logs, APM, security, digital experience, software delivery, and cloud cost management. The page is useful for extracting product families and observability use cases.",Extract product families and observability use cases from the page text.
872,8mwVDJonSJ,https://www.atlassian.com/software/jira,Jira project management software,"Atlassian presents Jira as software for planning, tracking, and managing work across software, IT, and business teams. The page is useful for extracting product positioning, target users, and core use cases.","Extract the product name, target users, and main use cases from the page text."
873,BrRgOJ8DOB,https://stripe.com/pricing,Stripe pricing,"Stripe publishes pricing for online card payments, in-person payments, billing, invoicing, fraud prevention, and other payment products. The page is useful for extracting plan names, transaction fees, and product-specific pricing notes.",Extract product names and pricing signals from the page text.
874,AAyRVdLm4j,https://www.twilio.com/en-us/messaging,Twilio messaging,"Twilio presents messaging products for SMS, MMS, WhatsApp, conversational messaging, verification, and customer engagement workflows. The page is useful for extracting communication channels and API use cases.",Extract communication channels and API use cases from the page text.
875,lpdrbKkA5c,https://stripe.com/pricing,Stripe pricing,"Stripe publishes pricing for online card payments, in-person payments, billing, invoicing, fraud prevention, and other payment products. The page is useful for extracting plan names, transaction fees, and product-specific pricing notes.",Extract product names and pricing signals from the page text.
876,sbNmojjurK,https://www.hubspot.com/pricing,HubSpot pricing,"HubSpot publishes pricing for its customer platform, including marketing, sales, service, content, operations, and commerce products. The page is useful for extracting product hubs, editions, and pricing structure.","Extract software products, editions, and pricing structure from the page text."
877,5HUysziVGw,https://www.twilio.com/en-us/messaging,Twilio messaging,"Twilio presents messaging products for SMS, MMS, WhatsApp, conversational messaging, verification, and customer engagement workflows. The page is useful for extracting communication channels and API use cases.",Extract communication channels and API use cases from the page text.
878,PfZAfKfofi,https://www.shopify.com/pricing,Shopify pricing,"Shopify lists commerce plans for merchants that want to sell online, in person, and across channels. The page is useful for comparing plan names, monthly prices, and included commerce features.","Extract plan names, prices, and commerce features from the page text."
879,QlywDJVBYy,https://www.datadoghq.com/product/,Datadog products,"Datadog groups products around infrastructure monitoring, logs, APM, security, digital experience, software delivery, and cloud cost management. The page is useful for extracting product families and observability use cases.",Extract product families and observability use cases from the page text.
880,s9RurP8Bc9,https://www.atlassian.com/software/jira,Jira project management software,"Atlassian presents Jira as software for planning, tracking, and managing work across software, IT, and business teams. The page is useful for extracting product positioning, target users, and core use cases.","Extract the product name, target users, and main use cases from the page text."
881,MBLtDr9OH9,https://www.cloudflare.com/application-services/,Cloudflare application services,"Cloudflare describes application services for performance, security, DDoS protection, bot management, and traffic acceleration. The page is useful for extracting security capabilities and infrastructure benefits.",Extract security capabilities and infrastructure benefits from the page text.
882,ngYgMMQsJ0,https://www.notion.so/product,Notion product,"Notion describes its workspace as a place for docs, wikis, projects, databases, and AI-assisted work. The page is useful for extracting product categories, collaboration features, and workflow examples.",Extract collaboration features and workflow categories from the page text.
883,lwlFajeTCz,https://www.atlassian.com/software/jira,Jira project management software,"Atlassian presents Jira as software for planning, tracking, and managing work across software, IT, and business teams. The page is useful for extracting product positioning, target users, and core use cases.","Extract the product name, target users, and main use cases from the page text."
884,c2ZbY5ypWZ,https://www.twilio.com/en-us/messaging,Twilio messaging,"Twilio presents messaging products for SMS, MMS, WhatsApp, conversational messaging, verification, and customer engagement workflows. The page is useful for extracting communication channels and API use cases.",Extract communication channels and API use cases from the page text.
885,4xEslVOh8T,https://www.atlassian.com/software/jira,Jira project management software,"Atlassian presents Jira as software for planning, tracking, and managing work across software, IT, and business teams. The page is useful for extracting product positioning, target users, and core use cases.","Extract the product name, target users, and main use cases from the page text."
886,lZCUEmes3t,https://www.cloudflare.com/application-services/,Cloudflare application services,"Cloudflare describes application services for performance, security, DDoS protection, bot management, and traffic acceleration. The page is useful for extracting security capabilities and infrastructure benefits.",Extract security capabilities and infrastructure benefits from the page text.
887,Z7VEDLK5cV,https://www.notion.so/product,Notion product,"Notion describes its workspace as a place for docs, wikis, projects, databases, and AI-assisted work. The page is useful for extracting product categories, collaboration features, and workflow examples.",Extract collaboration features and workflow categories from the page text.
888,8gNWk4lMxn,https://www.notion.so/product,Notion product,"Notion describes its workspace as a place for docs, wikis, projects, databases, and AI-assisted work. The page is useful for extracting product categories, collaboration features, and workflow examples.",Extract collaboration features and workflow categories from the page text.
889,qkacwtT7gx,https://www.datadoghq.com/product/,Datadog products,"Datadog groups products around infrastructure monitoring, logs, APM, security, digital experience, software delivery, and cloud cost management. The page is useful for extracting product families and observability use cases.",Extract product families and observability use cases from the page text.
890,6wtNTXHKjc,https://stripe.com/pricing,Stripe pricing,"Stripe publishes pricing for online card payments, in-person payments, billing, invoicing, fraud prevention, and other payment products. The page is useful for extracting plan names, transaction fees, and product-specific pricing notes.",Extract product names and pricing signals from the page text.
891,7kKgHeWd2z,https://www.atlassian.com/software/jira,Jira project management software,"Atlassian presents Jira as software for planning, tracking, and managing work across software, IT, and business teams. The page is useful for extracting product positioning, target users, and core use cases.","Extract the product name, target users, and main use cases from the page text."
892,k2HpDqZdsO,https://www.notion.so/product,Notion product,"Notion describes its workspace as a place for docs, wikis, projects, databases, and AI-assisted work. The page is useful for extracting product categories, collaboration features, and workflow examples.",Extract collaboration features and workflow categories from the page text.
893,ERJDoB1pMV,https://www.notion.so/product,Notion product,"Notion describes its workspace as a place for docs, wikis, projects, databases, and AI-assisted work. The page is useful for extracting product categories, collaboration features, and workflow examples.",Extract collaboration features and workflow categories from the page text.
894,87IhPLokbE,https://www.twilio.com/en-us/messaging,Twilio messaging,"Twilio presents messaging products for SMS, MMS, WhatsApp, conversational messaging, verification, and customer engagement workflows. The page is useful for extracting communication channels and API use cases.",Extract communication channels and API use cases from the page text.
895,PKermPDsFg,https://www.cloudflare.com/application-services/,Cloudflare application services,"Cloudflare describes application services for performance, security, DDoS protection, bot management, and traffic acceleration. The page is useful for extracting security capabilities and infrastructure benefits.",Extract security capabilities and infrastructure benefits from the page text.
896,3VxflDUAoW,https://stripe.com/pricing,Stripe pricing,"Stripe publishes pricing for online card payments, in-person payments, billing, invoicing, fraud prevention, and other payment products. The page is useful for extracting plan names, transaction fees, and product-specific pricing notes.",Extract product names and pricing signals from the page text.
897,3EX8B8n7ax,https://www.cloudflare.com/application-services/,Cloudflare application services,"Cloudflare describes application services for performance, security, DDoS protection, bot management, and traffic acceleration. The page is useful for extracting security capabilities and infrastructure benefits.",Extract security capabilities and infrastructure benefits from the page text.
898,EJl5FYKnJl,https://www.hubspot.com/pricing,HubSpot pricing,"HubSpot publishes pricing for its customer platform, including marketing, sales, service, content, operations, and commerce products. The page is useful for extracting product hubs, editions, and pricing structure.","Extract software products, editions, and pricing structure from the page text."
899,20Nn5Kzrw3,https://www.twilio.com/en-us/messaging,Twilio messaging,"Twilio presents messaging products for SMS, MMS, WhatsApp, conversational messaging, verification, and customer engagement workflows. The page is useful for extracting communication channels and API use cases.",Extract communication channels and API use cases from the page text.
900,rr1lY65wyq,https://stripe.com/pricing,Stripe pricing,"Stripe publishes pricing for online card payments, in-person payments, billing, invoicing, fraud prevention, and other payment products. The page is useful for extracting plan names, transaction fees, and product-specific pricing notes.",Extract product names and pricing signals from the page text.
901,HQUjAPdlQQ,https://www.cloudflare.com/application-services/,Cloudflare application services,"Cloudflare describes application services for performance, security, DDoS protection, bot management, and traffic acceleration. The page is useful for extracting security capabilities and infrastructure benefits.",Extract security capabilities and infrastructure benefits from the page text.
902,fsXzsjpKhv,https://www.cloudflare.com/application-services/,Cloudflare application services,"Cloudflare describes application services for performance, security, DDoS protection, bot management, and traffic acceleration. The page is useful for extracting security capabilities and infrastructure benefits.",Extract security capabilities and infrastructure benefits from the page text.
903,0KvNGc8w8N,https://www.datadoghq.com/product/,Datadog products,"Datadog groups products around infrastructure monitoring, logs, APM, security, digital experience, software delivery, and cloud cost management. The page is useful for extracting product families and observability use cases.",Extract product families and observability use cases from the page text.
904,crpJVe0kfB,https://www.notion.so/product,Notion product,"Notion describes its workspace as a place for docs, wikis, projects, databases, and AI-assisted work. The page is useful for extracting product categories, collaboration features, and workflow examples.",Extract collaboration features and workflow categories from the page text.
905,e4tXaGN4AQ,https://www.twilio.com/en-us/messaging,Twilio messaging,"Twilio presents messaging products for SMS, MMS, WhatsApp, conversational messaging, verification, and customer engagement workflows. The page is useful for extracting communication channels and API use cases.",Extract communication channels and API use cases from the page text.
906,wEgd6NKNw6,https://www.notion.so/product,Notion product,"Notion describes its workspace as a place for docs, wikis, projects, databases, and AI-assisted work. The page is useful for extracting product categories, collaboration features, and workflow examples.",Extract collaboration features and workflow categories from the page text.
907,dA062IRGNu,https://www.cloudflare.com/application-services/,Cloudflare application services,"Cloudflare describes application services for performance, security, DDoS protection, bot management, and traffic acceleration. The page is useful for extracting security capabilities and infrastructure benefits.",Extract security capabilities and infrastructure benefits from the page text.
908,rkIUoKk0rH,https://www.atlassian.com/software/jira,Jira project management software,"Atlassian presents Jira as software for planning, tracking, and managing work across software, IT, and business teams. The page is useful for extracting product positioning, target users, and core use cases.","Extract the product name, target users, and main use cases from the page text."
909,nw49EZY2hp,https://www.cloudflare.com/application-services/,Cloudflare application services,"Cloudflare describes application services for performance, security, DDoS protection, bot management, and traffic acceleration. The page is useful for extracting security capabilities and infrastructure benefits.",Extract security capabilities and infrastructure benefits from the page text.
910,SyDBK6H7tt,https://www.shopify.com/pricing,Shopify pricing,"Shopify lists commerce plans for merchants that want to sell online, in person, and across channels. The page is useful for comparing plan names, monthly prices, and included commerce features.","Extract plan names, prices, and commerce features from the page text."
911,JyAl2SjFtu,https://www.atlassian.com/software/jira,Jira project management software,"Atlassian presents Jira as software for planning, tracking, and managing work across software, IT, and business teams. The page is useful for extracting product positioning, target users, and core use cases.","Extract the product name, target users, and main use cases from the page text."
912,Pn9SwHdDhX,https://www.shopify.com/pricing,Shopify pricing,"Shopify lists commerce plans for merchants that want to sell online, in person, and across channels. The page is useful for comparing plan names, monthly prices, and included commerce features.","Extract plan names, prices, and commerce features from the page text."
913,9zlT3km6Sl,https://www.cloudflare.com/application-services/,Cloudflare application services,"Cloudflare describes application services for performance, security, DDoS protection, bot management, and traffic acceleration. The page is useful for extracting security capabilities and infrastructure benefits.",Extract security capabilities and infrastructure benefits from the page text.
914,RPjUx7wriH,https://www.notion.so/product,Notion product,"Notion describes its workspace as a place for docs, wikis, projects, databases, and AI-assisted work. The page is useful for extracting product categories, collaboration features, and workflow examples.",Extract collaboration features and workflow categories from the page text.
915,mX8KiMVFoz,https://www.datadoghq.com/product/,Datadog products,"Datadog groups products around infrastructure monitoring, logs, APM, security, digital experience, software delivery, and cloud cost management. The page is useful for extracting product families and observability use cases.",Extract product families and observability use cases from the page text.
916,C5NjPtWqsJ,https://www.shopify.com/pricing,Shopify pricing,"Shopify lists commerce plans for merchants that want to sell online, in person, and across channels. The page is useful for comparing plan names, monthly prices, and included commerce features.","Extract plan names, prices, and commerce features from the page text."
917,R9tfKaPtuq,https://www.cloudflare.com/application-services/,Cloudflare application services,"Cloudflare describes application services for performance, security, DDoS protection, bot management, and traffic acceleration. The page is useful for extracting security capabilities and infrastructure benefits.",Extract security capabilities and infrastructure benefits from the page text.
918,1wrpR8CyGS,https://stripe.com/pricing,Stripe pricing,"Stripe publishes pricing for online card payments, in-person payments, billing, invoicing, fraud prevention, and other payment products. The page is useful for extracting plan names, transaction fees, and product-specific pricing notes.",Extract product names and pricing signals from the page text.
919,V8zCykOHO9,https://www.twilio.com/en-us/messaging,Twilio messaging,"Twilio presents messaging products for SMS, MMS, WhatsApp, conversational messaging, verification, and customer engagement workflows. The page is useful for extracting communication channels and API use cases.",Extract communication channels and API use cases from the page text.
920,s5RJ1XF040,https://www.twilio.com/en-us/messaging,Twilio messaging,"Twilio presents messaging products for SMS, MMS, WhatsApp, conversational messaging, verification, and customer engagement workflows. The page is useful for extracting communication channels and API use cases.",Extract communication channels and API use cases from the page text.
921,pkMwxhGQLI,https://www.cloudflare.com/application-services/,Cloudflare application services,"Cloudflare describes application services for performance, security, DDoS protection, bot management, and traffic acceleration. The page is useful for extracting security capabilities and infrastructure benefits.",Extract security capabilities and infrastructure benefits from the page text.
922,w8jdUfLsBC,https://www.shopify.com/pricing,Shopify pricing,"Shopify lists commerce plans for merchants that want to sell online, in person, and across channels. The page is useful for comparing plan names, monthly prices, and included commerce features.","Extract plan names, prices, and commerce features from the page text."
923,JEX7Oy6lLJ,https://www.notion.so/product,Notion product,"Notion describes its workspace as a place for docs, wikis, projects, databases, and AI-assisted work. The page is useful for extracting product categories, collaboration features, and workflow examples.",Extract collaboration features and workflow categories from the page text.
924,NlFjEkdUOF,https://www.shopify.com/pricing,Shopify pricing,"Shopify lists commerce plans for merchants that want to sell online, in person, and across channels. The page is useful for comparing plan names, monthly prices, and included commerce features.","Extract plan names, prices, and commerce features from the page text."
925,5W1or22mqT,https://www.shopify.com/pricing,Shopify pricing,"Shopify lists commerce plans for merchants that want to sell online, in person, and across channels. The page is useful for comparing plan names, monthly prices, and included commerce features.","Extract plan names, prices, and commerce features from the page text."
926,3E25xxwohr,https://www.atlassian.com/software/jira,Jira project management software,"Atlassian presents Jira as software for planning, tracking, and managing work across software, IT, and business teams. The page is useful for extracting product positioning, target users, and core use cases.","Extract the product name, target users, and main use cases from the page text."
927,E4jHHfPJBM,https://www.twilio.com/en-us/messaging,Twilio messaging,"Twilio presents messaging products for SMS, MMS, WhatsApp, conversational messaging, verification, and customer engagement workflows. The page is useful for extracting communication channels and API use cases.",Extract communication channels and API use cases from the page text.
928,hJYCXEHxWh,https://www.shopify.com/pricing,Shopify pricing,"Shopify lists commerce plans for merchants that want to sell online, in person, and across channels. The page is useful for comparing plan names, monthly prices, and included commerce features.","Extract plan names, prices, and commerce features from the page text."
929,xItVH14Vie,https://stripe.com/pricing,Stripe pricing,"Stripe publishes pricing for online card payments, in-person payments, billing, invoicing, fraud prevention, and other payment products. The page is useful for extracting plan names, transaction fees, and product-specific pricing notes.",Extract product names and pricing signals from the page text.
930,ugSW6Cpqkf,https://www.datadoghq.com/product/,Datadog products,"Datadog groups products around infrastructure monitoring, logs, APM, security, digital experience, software delivery, and cloud cost management. The page is useful for extracting product families and observability use cases.",Extract product families and observability use cases from the page text.
931,gpY6STbfrv,https://www.cloudflare.com/application-services/,Cloudflare application services,"Cloudflare describes application services for performance, security, DDoS protection, bot management, and traffic acceleration. The page is useful for extracting security capabilities and infrastructure benefits.",Extract security capabilities and infrastructure benefits from the page text.
932,JCIeGnkHHi,https://www.notion.so/product,Notion product,"Notion describes its workspace as a place for docs, wikis, projects, databases, and AI-assisted work. The page is useful for extracting product categories, collaboration features, and workflow examples.",Extract collaboration features and workflow categories from the page text.
933,Qo6VwkQMwW,https://stripe.com/pricing,Stripe pricing,"Stripe publishes pricing for online card payments, in-person payments, billing, invoicing, fraud prevention, and other payment products. The page is useful for extracting plan names, transaction fees, and product-specific pricing notes.",Extract product names and pricing signals from the page text.
934,JtJqZUqOCj,https://www.atlassian.com/software/jira,Jira project management software,"Atlassian presents Jira as software for planning, tracking, and managing work across software, IT, and business teams. The page is useful for extracting product positioning, target users, and core use cases.","Extract the product name, target users, and main use cases from the page text."
935,T4fxcz4zan,https://www.twilio.com/en-us/messaging,Twilio messaging,"Twilio presents messaging products for SMS, MMS, WhatsApp, conversational messaging, verification, and customer engagement workflows. The page is useful for extracting communication channels and API use cases.",Extract communication channels and API use cases from the page text.
936,0YqElKMjgY,https://www.atlassian.com/software/jira,Jira project management software,"Atlassian presents Jira as software for planning, tracking, and managing work across software, IT, and business teams. The page is useful for extracting product positioning, target users, and core use cases.","Extract the product name, target users, and main use cases from the page text."
937,FQf0H5nj0z,https://www.notion.so/product,Notion product,"Notion describes its workspace as a place for docs, wikis, projects, databases, and AI-assisted work. The page is useful for extracting product categories, collaboration features, and workflow examples.",Extract collaboration features and workflow categories from the page text.
938,DtYhUBefSl,https://www.shopify.com/pricing,Shopify pricing,"Shopify lists commerce plans for merchants that want to sell online, in person, and across channels. The page is useful for comparing plan names, monthly prices, and included commerce features.","Extract plan names, prices, and commerce features from the page text."
939,nxx3dB22kk,https://www.cloudflare.com/application-services/,Cloudflare application services,"Cloudflare describes application services for performance, security, DDoS protection, bot management, and traffic acceleration. The page is useful for extracting security capabilities and infrastructure benefits.",Extract security capabilities and infrastructure benefits from the page text.
940,zYN6j7BXLC,https://www.hubspot.com/pricing,HubSpot pricing,"HubSpot publishes pricing for its customer platform, including marketing, sales, service, content, operations, and commerce products. The page is useful for extracting product hubs, editions, and pricing structure.","Extract software products, editions, and pricing structure from the page text."
941,FaHyG5A7f9,https://www.hubspot.com/pricing,HubSpot pricing,"HubSpot publishes pricing for its customer platform, including marketing, sales, service, content, operations, and commerce products. The page is useful for extracting product hubs, editions, and pricing structure.","Extract software products, editions, and pricing structure from the page text."
942,4IAftUQzQT,https://www.twilio.com/en-us/messaging,Twilio messaging,"Twilio presents messaging products for SMS, MMS, WhatsApp, conversational messaging, verification, and customer engagement workflows. The page is useful for extracting communication channels and API use cases.",Extract communication channels and API use cases from the page text.
943,lVy7fe6vyg,https://www.datadoghq.com/product/,Datadog products,"Datadog groups products around infrastructure monitoring, logs, APM, security, digital experience, software delivery, and cloud cost management. The page is useful for extracting product families and observability use cases.",Extract product families and observability use cases from the page text.
944,3LGv0KXs60,https://stripe.com/pricing,Stripe pricing,"Stripe publishes pricing for online card payments, in-person payments, billing, invoicing, fraud prevention, and other payment products. The page is useful for extracting plan names, transaction fees, and product-specific pricing notes.",Extract product names and pricing signals from the page text.
945,DcWcNepY06,https://www.shopify.com/pricing,Shopify pricing,"Shopify lists commerce plans for merchants that want to sell online, in person, and across channels. The page is useful for comparing plan names, monthly prices, and included commerce features.","Extract plan names, prices, and commerce features from the page text."
946,QCoL6mKDvP,https://www.shopify.com/pricing,Shopify pricing,"Shopify lists commerce plans for merchants that want to sell online, in person, and across channels. The page is useful for comparing plan names, monthly prices, and included commerce features.","Extract plan names, prices, and commerce features from the page text."
947,O328OlMtHi,https://www.datadoghq.com/product/,Datadog products,"Datadog groups products around infrastructure monitoring, logs, APM, security, digital experience, software delivery, and cloud cost management. The page is useful for extracting product families and observability use cases.",Extract product families and observability use cases from the page text.
948,H0dfydYNSS,https://www.notion.so/product,Notion product,"Notion describes its workspace as a place for docs, wikis, projects, databases, and AI-assisted work. The page is useful for extracting product categories, collaboration features, and workflow examples.",Extract collaboration features and workflow categories from the page text.
949,yoh1Eq1wRT,https://www.cloudflare.com/application-services/,Cloudflare application services,"Cloudflare describes application services for performance, security, DDoS protection, bot management, and traffic acceleration. The page is useful for extracting security capabilities and infrastructure benefits.",Extract security capabilities and infrastructure benefits from the page text.
950,jdFF7aWZ5G,https://www.shopify.com/pricing,Shopify pricing,"Shopify lists commerce plans for merchants that want to sell online, in person, and across channels. The page is useful for comparing plan names, monthly prices, and included commerce features.","Extract plan names, prices, and commerce features from the page text."
951,ONinF7v7jR,https://www.shopify.com/pricing,Shopify pricing,"Shopify lists commerce plans for merchants that want to sell online, in person, and across channels. The page is useful for comparing plan names, monthly prices, and included commerce features.","Extract plan names, prices, and commerce features from the page text."
952,ThrORqDZLI,https://www.twilio.com/en-us/messaging,Twilio messaging,"Twilio presents messaging products for SMS, MMS, WhatsApp, conversational messaging, verification, and customer engagement workflows. The page is useful for extracting communication channels and API use cases.",Extract communication channels and API use cases from the page text.
953,OjgeeayOme,https://www.notion.so/product,Notion product,"Notion describes its workspace as a place for docs, wikis, projects, databases, and AI-assisted work. The page is useful for extracting product categories, collaboration features, and workflow examples.",Extract collaboration features and workflow categories from the page text.
954,mqFLh7PxZn,https://www.notion.so/product,Notion product,"Notion describes its workspace as a place for docs, wikis, projects, databases, and AI-assisted work. The page is useful for extracting product categories, collaboration features, and workflow examples.",Extract collaboration features and workflow categories from the page text.
955,3rqrMIIPfi,https://www.twilio.com/en-us/messaging,Twilio messaging,"Twilio presents messaging products for SMS, MMS, WhatsApp, conversational messaging, verification, and customer engagement workflows. The page is useful for extracting communication channels and API use cases.",Extract communication channels and API use cases from the page text.
956,7nHtGDbRpR,https://www.shopify.com/pricing,Shopify pricing,"Shopify lists commerce plans for merchants that want to sell online, in person, and across channels. The page is useful for comparing plan names, monthly prices, and included commerce features.","Extract plan names, prices, and commerce features from the page text."
957,S6VXQJEPEc,https://www.cloudflare.com/application-services/,Cloudflare application services,"Cloudflare describes application services for performance, security, DDoS protection, bot management, and traffic acceleration. The page is useful for extracting security capabilities and infrastructure benefits.",Extract security capabilities and infrastructure benefits from the page text.
958,BSF8kw0vo7,https://www.datadoghq.com/product/,Datadog products,"Datadog groups products around infrastructure monitoring, logs, APM, security, digital experience, software delivery, and cloud cost management. The page is useful for extracting product families and observability use cases.",Extract product families and observability use cases from the page text.
959,lreJwMAP7b,https://www.notion.so/product,Notion product,"Notion describes its workspace as a place for docs, wikis, projects, databases, and AI-assisted work. The page is useful for extracting product categories, collaboration features, and workflow examples.",Extract collaboration features and workflow categories from the page text.
960,M6S0DpKRZG,https://www.notion.so/product,Notion product,"Notion describes its workspace as a place for docs, wikis, projects, databases, and AI-assisted work. The page is useful for extracting product categories, collaboration features, and workflow examples.",Extract collaboration features and workflow categories from the page text.
961,Se0ShH6Mo1,https://stripe.com/pricing,Stripe pricing,"Stripe publishes pricing for online card payments, in-person payments, billing, invoicing, fraud prevention, and other payment products. The page is useful for extracting plan names, transaction fees, and product-specific pricing notes.",Extract product names and pricing signals from the page text.
962,SD109E1CtN,https://www.datadoghq.com/product/,Datadog products,"Datadog groups products around infrastructure monitoring, logs, APM, security, digital experience, software delivery, and cloud cost management. The page is useful for extracting product families and observability use cases.",Extract product families and observability use cases from the page text.
963,GUzyFrKsby,https://www.cloudflare.com/application-services/,Cloudflare application services,"Cloudflare describes application services for performance, security, DDoS protection, bot management, and traffic acceleration. The page is useful for extracting security capabilities and infrastructure benefits.",Extract security capabilities and infrastructure benefits from the page text.
964,SU3P4IPr9c,https://www.hubspot.com/pricing,HubSpot pricing,"HubSpot publishes pricing for its customer platform, including marketing, sales, service, content, operations, and commerce products. The page is useful for extracting product hubs, editions, and pricing structure.","Extract software products, editions, and pricing structure from the page text."
965,FUpSrjkLES,https://www.cloudflare.com/application-services/,Cloudflare application services,"Cloudflare describes application services for performance, security, DDoS protection, bot management, and traffic acceleration. The page is useful for extracting security capabilities and infrastructure benefits.",Extract security capabilities and infrastructure benefits from the page text.
966,EjSILAdu4v,https://www.twilio.com/en-us/messaging,Twilio messaging,"Twilio presents messaging products for SMS, MMS, WhatsApp, conversational messaging, verification, and customer engagement workflows. The page is useful for extracting communication channels and API use cases.",Extract communication channels and API use cases from the page text.
967,UtfRX3r5jq,https://www.datadoghq.com/product/,Datadog products,"Datadog groups products around infrastructure monitoring, logs, APM, security, digital experience, software delivery, and cloud cost management. The page is useful for extracting product families and observability use cases.",Extract product families and observability use cases from the page text.
968,HDPEZM3HG2,https://www.twilio.com/en-us/messaging,Twilio messaging,"Twilio presents messaging products for SMS, MMS, WhatsApp, conversational messaging, verification, and customer engagement workflows. The page is useful for extracting communication channels and API use cases.",Extract communication channels and API use cases from the page text.
969,OCWaYRPGUe,https://www.datadoghq.com/product/,Datadog products,"Datadog groups products around infrastructure monitoring, logs, APM, security, digital experience, software delivery, and cloud cost management. The page is useful for extracting product families and observability use cases.",Extract product families and observability use cases from the page text.
970,QfcR0Bjm3I,https://www.cloudflare.com/application-services/,Cloudflare application services,"Cloudflare describes application services for performance, security, DDoS protection, bot management, and traffic acceleration. The page is useful for extracting security capabilities and infrastructure benefits.",Extract security capabilities and infrastructure benefits from the page text.
971,w8WvfFxZyL,https://www.twilio.com/en-us/messaging,Twilio messaging,"Twilio presents messaging products for SMS, MMS, WhatsApp, conversational messaging, verification, and customer engagement workflows. The page is useful for extracting communication channels and API use cases.",Extract communication channels and API use cases from the page text.
972,kzb2AixZ5K,https://www.twilio.com/en-us/messaging,Twilio messaging,"Twilio presents messaging products for SMS, MMS, WhatsApp, conversational messaging, verification, and customer engagement workflows. The page is useful for extracting communication channels and API use cases.",Extract communication channels and API use cases from the page text.
973,RmN3kY1WGG,https://www.twilio.com/en-us/messaging,Twilio messaging,"Twilio presents messaging products for SMS, MMS, WhatsApp, conversational messaging, verification, and customer engagement workflows. The page is useful for extracting communication channels and API use cases.",Extract communication channels and API use cases from the page text.
974,NtFvUclzEJ,https://www.shopify.com/pricing,Shopify pricing,"Shopify lists commerce plans for merchants that want to sell online, in person, and across channels. The page is useful for comparing plan names, monthly prices, and included commerce features.","Extract plan names, prices, and commerce features from the page text."
975,QnZyCBDrKL,https://www.twilio.com/en-us/messaging,Twilio messaging,"Twilio presents messaging products for SMS, MMS, WhatsApp, conversational messaging, verification, and customer engagement workflows. The page is useful for extracting communication channels and API use cases.",Extract communication channels and API use cases from the page text.
976,eynMrzvQEC,https://www.cloudflare.com/application-services/,Cloudflare application services,"Cloudflare describes application services for performance, security, DDoS protection, bot management, and traffic acceleration. The page is useful for extracting security capabilities and infrastructure benefits.",Extract security capabilities and infrastructure benefits from the page text.
977,AWOswT7sZo,https://www.cloudflare.com/application-services/,Cloudflare application services,"Cloudflare describes application services for performance, security, DDoS protection, bot management, and traffic acceleration. The page is useful for extracting security capabilities and infrastructure benefits.",Extract security capabilities and infrastructure benefits from the page text.
978,D8D2b4NtSx,https://stripe.com/pricing,Stripe pricing,"Stripe publishes pricing for online card payments, in-person payments, billing, invoicing, fraud prevention, and other payment products. The page is useful for extracting plan names, transaction fees, and product-specific pricing notes.",Extract product names and pricing signals from the page text.
979,HHdj9xmfGp,https://www.hubspot.com/pricing,HubSpot pricing,"HubSpot publishes pricing for its customer platform, including marketing, sales, service, content, operations, and commerce products. The page is useful for extracting product hubs, editions, and pricing structure.","Extract software products, editions, and pricing structure from the page text."
980,v0Klk2bQsa,https://www.hubspot.com/pricing,HubSpot pricing,"HubSpot publishes pricing for its customer platform, including marketing, sales, service, content, operations, and commerce products. The page is useful for extracting product hubs, editions, and pricing structure.","Extract software products, editions, and pricing structure from the page text."
981,550n7Q0RN9,https://www.hubspot.com/pricing,HubSpot pricing,"HubSpot publishes pricing for its customer platform, including marketing, sales, service, content, operations, and commerce products. The page is useful for extracting product hubs, editions, and pricing structure.","Extract software products, editions, and pricing structure from the page text."
982,tciqmbRQP3,https://www.cloudflare.com/application-services/,Cloudflare application services,"Cloudflare describes application services for performance, security, DDoS protection, bot management, and traffic acceleration. The page is useful for extracting security capabilities and infrastructure benefits.",Extract security capabilities and infrastructure benefits from the page text.
983,vjujFiIIjI,https://www.atlassian.com/software/jira,Jira project management software,"Atlassian presents Jira as software for planning, tracking, and managing work across software, IT, and business teams. The page is useful for extracting product positioning, target users, and core use cases.","Extract the product name, target users, and main use cases from the page text."
984,pq7tj35Zks,https://www.notion.so/product,Notion product,"Notion describes its workspace as a place for docs, wikis, projects, databases, and AI-assisted work. The page is useful for extracting product categories, collaboration features, and workflow examples.",Extract collaboration features and workflow categories from the page text.
985,KHhMVLD5A5,https://www.twilio.com/en-us/messaging,Twilio messaging,"Twilio presents messaging products for SMS, MMS, WhatsApp, conversational messaging, verification, and customer engagement workflows. The page is useful for extracting communication channels and API use cases.",Extract communication channels and API use cases from the page text.
986,KrFvbNPe5e,https://www.hubspot.com/pricing,HubSpot pricing,"HubSpot publishes pricing for its customer platform, including marketing, sales, service, content, operations, and commerce products. The page is useful for extracting product hubs, editions, and pricing structure.","Extract software products, editions, and pricing structure from the page text."
987,ZVolZZaURi,https://www.datadoghq.com/product/,Datadog products,"Datadog groups products around infrastructure monitoring, logs, APM, security, digital experience, software delivery, and cloud cost management. The page is useful for extracting product families and observability use cases.",Extract product families and observability use cases from the page text.
988,UvnT31Ogxu,https://www.datadoghq.com/product/,Datadog products,"Datadog groups products around infrastructure monitoring, logs, APM, security, digital experience, software delivery, and cloud cost management. The page is useful for extracting product families and observability use cases.",Extract product families and observability use cases from the page text.
989,I7QfPGT1CT,https://stripe.com/pricing,Stripe pricing,"Stripe publishes pricing for online card payments, in-person payments, billing, invoicing, fraud prevention, and other payment products. The page is useful for extracting plan names, transaction fees, and product-specific pricing notes.",Extract product names and pricing signals from the page text.
990,WzMAP4aO8I,https://www.atlassian.com/software/jira,Jira project management software,"Atlassian presents Jira as software for planning, tracking, and managing work across software, IT, and business teams. The page is useful for extracting product positioning, target users, and core use cases.","Extract the product name, target users, and main use cases from the page text."
991,R8f2n7e9KR,https://www.notion.so/product,Notion product,"Notion describes its workspace as a place for docs, wikis, projects, databases, and AI-assisted work. The page is useful for extracting product categories, collaboration features, and workflow examples.",Extract collaboration features and workflow categories from the page text.
992,R7wr9cYZZO,https://www.datadoghq.com/product/,Datadog products,"Datadog groups products around infrastructure monitoring, logs, APM, security, digital experience, software delivery, and cloud cost management. The page is useful for extracting product families and observability use cases.",Extract product families and observability use cases from the page text.
993,943vQh7Wsb,https://www.atlassian.com/software/jira,Jira project management software,"Atlassian presents Jira as software for planning, tracking, and managing work across software, IT, and business teams. The page is useful for extracting product positioning, target users, and core use cases.","Extract the product name, target users, and main use cases from the page text."
994,P741X0fzGm,https://www.shopify.com/pricing,Shopify pricing,"Shopify lists commerce plans for merchants that want to sell online, in person, and across channels. The page is useful for comparing plan names, monthly prices, and included commerce features.","Extract plan names, prices, and commerce features from the page text."
995,PlaPKgL4tX,https://www.notion.so/product,Notion product,"Notion describes its workspace as a place for docs, wikis, projects, databases, and AI-assisted work. The page is useful for extracting product categories, collaboration features, and workflow examples.",Extract collaboration features and workflow categories from the page text.
996,kc50M0AEMX,https://www.cloudflare.com/application-services/,Cloudflare application services,"Cloudflare describes application services for performance, security, DDoS protection, bot management, and traffic acceleration. The page is useful for extracting security capabilities and infrastructure benefits.",Extract security capabilities and infrastructure benefits from the page text.
997,AmhszrG6er,https://www.hubspot.com/pricing,HubSpot pricing,"HubSpot publishes pricing for its customer platform, including marketing, sales, service, content, operations, and commerce products. The page is useful for extracting product hubs, editions, and pricing structure.","Extract software products, editions, and pricing structure from the page text."
998,U6JMFOef9D,https://www.datadoghq.com/product/,Datadog products,"Datadog groups products around infrastructure monitoring, logs, APM, security, digital experience, software delivery, and cloud cost management. The page is useful for extracting product families and observability use cases.",Extract product families and observability use cases from the page text.
999,WnZtj5eIMh,https://www.hubspot.com/pricing,HubSpot pricing,"HubSpot publishes pricing for its customer platform, including marketing, sales, service, content, operations, and commerce products. The page is useful for extracting product hubs, editions, and pricing structure.","Extract software products, editions, and pricing structure from the page text."
1000,09Eh8BxisN,https://www.twilio.com/en-us/messaging,Twilio messaging,"Twilio presents messaging products for SMS, MMS, WhatsApp, conversational messaging, verification, and customer engagement workflows. The page is useful for extracting communication channels and API use cases.",Extract communication channels and API use cases from the page text.
